;;;Vers;;;;;;;;;;;;;;;;;;;;;;;;;;;
De;;;A;B;C;D;E;F;G;H;I;J;K;L;M;N;O;P;Q;R;S;T;U;V;W;X;Y;Z;Rien;Total
De;A;0;0;2;4;9;9;9;9;9;10;10;10;25;30;41;41;41;41;51;51;51;55;55;55;55;56;56;56;56
De;B;0;9;9;9;9;19;19;19;19;19;19;19;20;20;20;21;21;21;22;22;22;23;23;23;23;23;23;23;23
De;C;0;11;11;11;11;16;16;16;21;21;21;21;28;28;28;33;33;33;33;33;33;33;33;33;33;35;35;35;35
De;D;0;3;3;3;3;8;8;8;8;18;18;18;18;18;18;21;21;21;21;21;21;21;21;21;21;21;21;21;21
De;E;0;0;1;4;11;11;11;12;12;12;12;13;17;22;24;24;24;24;30;30;33;36;39;40;40;40;40;40;40
De;F;0;2;2;2;2;11;11;11;11;12;12;12;17;17;17;18;18;18;30;30;30;30;30;30;30;30;30;30;30
De;G;0;6;6;6;6;28;28;28;29;36;36;36;36;36;36;45;45;45;48;48;48;57;57;57;57;57;57;57;57
De;H;0;8;8;8;8;32;32;32;32;38;38;38;38;38;38;41;41;41;41;41;41;46;46;46;46;47;47;47;47
De;I;0;0;0;0;0;0;0;3;3;3;3;3;3;3;3;3;3;3;5;8;8;8;9;9;9;9;10;10;10
De;J;0;8;8;8;8;17;17;17;17;17;17;17;17;17;17;37;37;37;37;37;37;44;44;44;44;44;44;44;44
De;K;0;4;4;4;4;6;6;6;7;7;7;7;10;10;10;17;17;17;17;17;17;20;20;20;20;20;20;20;20
De;L;0;6;6;6;6;18;18;18;18;18;18;18;18;18;18;25;25;25;25;25;25;36;36;36;36;36;36;36;36
De;M;0;34;34;34;34;40;40;40;40;45;45;45;45;45;45;50;50;50;50;50;50;52;52;52;52;52;52;52;52
De;N;0;2;2;2;2;3;3;3;3;9;9;9;9;9;9;13;13;13;13;13;13;13;13;13;13;13;13;13;13
De;O;0;0;0;1;1;1;1;1;1;1;1;1;2;3;3;3;3;3;4;7;9;10;10;10;10;10;10;10;10
De;P;0;9;9;9;9;11;11;11;15;18;18;18;18;18;18;19;19;19;21;21;21;21;21;21;21;21;21;21;21
De;Q;0;0;0;0;0;0;0;0;0;0;0;0;0;0;0;0;0;0;0;0;0;0;0;0;0;0;0;0;0
De;R;0;9;9;9;9;20;20;20;20;23;23;23;23;23;23;35;35;35;35;35;35;38;38;38;38;38;38;38;38
De;S;0;4;4;4;4;11;11;11;11;21;21;21;21;21;21;21;21;21;21;21;26;26;26;26;26;28;28;28;28
De;T;0;0;0;0;0;3;3;3;11;16;16;16;16;16;16;17;17;17;17;17;17;17;17;17;17;18;18;18;18
De;U;0;0;0;0;1;1;1;1;1;1;1;1;2;2;2;2;2;2;5;5;6;6;6;7;7;7;7;7;7
De;V;0;2;2;2;2;3;3;3;3;10;10;10;10;10;10;11;11;11;11;11;11;11;11;11;11;11;11;11;11
De;W;0;1;1;1;1;5;5;5;5;13;13;13;13;13;13;16;16;16;16;16;16;16;16;16;16;16;16;16;16
De;X;0;3;3;3;3;3;3;3;3;3;3;3;3;3;3;3;3;3;3;3;3;3;3;3;3;3;3;3;3
De;Y;0;0;0;0;0;0;0;0;0;0;0;0;0;0;0;0;0;0;0;0;0;0;3;3;3;3;3;3;3
De;Z;0;0;0;0;0;0;0;0;0;0;0;0;0;0;0;0;0;0;0;0;0;0;0;0;0;0;0;0;0
De;Rien;0;56;79;114;135;175;205;262;309;319;363;383;419;471;484;494;515;515;553;581;599;606;617;633;636;639;639;639;639
De;AA;0;0;0;0;1;1;1;1;1;1;1;2;2;2;7;7;8;8;10;15;15;15;15;15;15;15;15;15;15
De;AB;0;0;0;0;1;2;2;2;2;3;3;3;3;3;3;3;3;3;5;5;5;5;5;5;5;5;5;5;5
De;AC;0;0;0;0;0;2;2;2;7;12;12;12;12;12;12;14;14;15;15;15;15;15;15;15;15;15;15;15;15
De;AD;0;0;0;0;0;1;1;1;1;2;3;3;3;3;3;5;5;5;7;7;7;8;8;8;8;8;8;10;10
De;AE;0;0;0;0;0;0;0;0;0;0;0;0;3;3;3;3;3;3;3;3;5;5;5;5;5;5;5;5;5
De;AF;0;0;0;0;0;0;0;0;0;0;0;0;0;0;0;0;0;0;0;0;0;0;0;0;0;0;0;0;0
De;AG;0;1;1;1;1;1;1;1;1;1;1;1;1;1;1;1;1;1;1;1;1;1;1;1;1;1;1;1;1
De;AH;0;2;2;2;2;3;3;3;3;3;3;3;3;4;4;4;4;4;4;4;4;4;4;4;4;4;4;4;4
De;AI;0;0;0;0;0;0;0;0;0;0;0;0;0;4;11;11;11;11;14;17;17;17;17;17;17;17;17;17;17
De;AJ;0;0;0;0;0;0;0;0;0;0;0;0;0;0;0;0;0;0;0;0;0;0;0;0;0;0;0;0;0
De;AK;0;0;0;0;0;0;0;0;0;0;0;0;0;0;0;0;0;0;0;0;0;0;0;0;0;0;0;1;1
De;AL;0;1;5;6;10;13;16;16;16;16;16;17;17;17;17;19;20;20;20;20;21;21;22;22;22;22;22;28;28
De;AM;0;1;3;3;3;5;5;5;5;8;8;8;8;9;9;9;10;10;10;10;10;11;11;11;11;11;11;15;15
De;AN;0;1;1;6;27;30;31;33;33;37;37;39;39;39;49;54;54;54;54;55;61;63;63;63;63;63;65;82;82
De;AO;0;0;0;0;0;0;0;0;0;0;0;0;0;0;0;0;0;0;0;0;0;3;3;3;3;3;3;3;3
De;AP;0;0;0;0;0;0;0;0;2;2;2;2;2;2;2;2;2;2;2;2;5;5;5;5;5;5;5;6;6
De;AQ;0;0;0;0;0;0;0;0;0;0;0;0;0;0;0;0;0;0;0;0;0;1;1;1;1;1;1;1;1
De;AR;0;0;0;9;34;36;36;36;36;41;42;43;47;50;53;55;55;55;55;60;74;74;74;74;74;74;74;86;86
De;AS;0;0;0;3;3;3;3;3;3;6;6;6;6;6;6;6;10;10;10;10;14;14;14;14;14;14;14;27;27
De;AT;0;0;0;0;0;0;0;0;3;4;4;4;4;4;4;5;5;5;6;6;7;8;8;8;8;8;9;9;9
De;AU;0;0;0;0;3;3;3;7;7;7;7;7;12;13;13;13;13;13;17;24;24;24;25;25;25;25;25;26;26
De;AV;0;0;0;0;0;3;3;3;3;6;6;6;6;6;6;6;6;6;6;6;6;6;6;6;6;6;6;6;6
De;AW;0;0;0;0;0;0;0;0;0;0;0;0;0;0;0;0;0;0;0;0;0;0;0;0;0;0;0;0;0
De;AX;0;0;0;0;0;1;1;1;1;5;5;5;5;5;5;5;5;5;5;5;5;5;5;5;5;5;5;6;6
De;AY;0;0;0;0;0;2;2;2;2;2;2;2;3;5;5;5;5;5;5;5;5;5;5;5;5;5;5;5;5
De;AZ;0;1;1;1;1;1;1;1;1;1;1;1;1;1;1;1;1;1;1;1;1;1;1;1;1;1;1;3;3
De;BA;0;0;0;0;0;0;0;0;0;1;1;1;3;3;4;4;7;7;10;15;15;15;15;15;15;15;15;15;15
De;BB;0;0;0;0;0;1;1;1;1;1;1;1;1;1;1;1;1;1;1;1;1;1;1;1;1;1;1;1;1
De;BC;0;0;0;0;0;0;0;0;0;0;0;0;0;0;0;0;0;0;0;0;0;0;0;0;0;0;0;0;0
De;BD;0;0;0;0;0;1;1;1;1;1;1;1;1;1;1;1;1;1;1;1;1;1;1;1;1;1;1;1;1
De;BE;0;0;0;0;0;0;0;0;0;0;0;0;1;1;7;7;7;7;32;32;32;32;32;32;32;32;32;33;33
De;BF;0;0;0;0;0;0;0;0;0;0;0;0;0;0;0;0;0;0;0;0;0;0;0;0;0;0;0;0;0
De;BG;0;0;0;0;0;0;0;0;0;0;0;0;0;0;0;0;0;0;0;0;0;0;0;0;0;0;0;0;0
De;BH;0;1;1;1;1;1;1;1;1;1;1;1;1;1;1;1;1;1;1;1;1;1;1;1;1;1;1;1;1
De;BI;0;0;1;1;1;1;1;1;1;1;1;1;1;1;3;4;4;4;4;4;4;4;4;4;4;4;4;4;4
De;BJ;0;0;0;0;0;0;0;0;0;0;0;0;0;0;0;0;0;0;0;0;0;0;0;0;0;0;0;0;0
De;BK;0;0;0;0;0;0;0;0;0;0;0;0;0;0;0;0;0;0;0;0;0;0;0;0;0;0;0;0;0
De;BL;0;1;1;1;1;1;1;1;1;1;1;1;1;1;1;1;1;1;1;1;1;1;1;1;1;1;1;2;2
De;BM;0;0;0;0;0;0;0;0;0;0;0;0;0;0;0;0;0;0;0;0;0;0;0;0;0;0;0;0;0
De;BN;0;0;0;0;0;0;0;0;0;0;0;0;0;0;0;0;0;0;0;0;0;0;0;0;0;0;0;0;0
De;BO;0;0;0;0;0;0;0;0;0;0;0;0;0;0;1;1;1;1;1;1;1;1;1;1;1;1;1;1;1
De;BP;0;0;0;0;0;0;0;0;0;0;0;0;0;0;0;0;0;0;0;0;0;0;0;0;0;0;0;0;0
De;BQ;0;0;0;0;0;0;0;0;0;0;0;0;0;0;0;0;0;0;0;0;0;0;0;0;0;0;0;0;0
De;BR;0;2;2;2;2;4;4;4;4;7;7;7;7;7;7;9;9;9;9;9;9;9;9;9;9;9;9;9;9
De;BS;0;0;0;0;0;0;0;0;0;0;0;0;0;0;0;0;0;0;0;0;0;0;0;0;0;0;0;0;0
De;BT;0;0;0;0;0;0;0;0;0;0;0;0;0;0;0;0;0;0;0;0;0;0;0;0;0;0;0;0;0
De;BU;0;0;0;0;0;0;0;0;0;0;0;0;0;0;0;0;0;0;2;3;3;3;3;3;3;3;3;3;3
De;BV;0;0;0;0;0;0;0;0;0;0;0;0;0;0;0;0;0;0;0;0;0;0;0;0;0;0;0;0;0
De;BW;0;0;0;0;0;0;0;0;0;0;0;0;0;0;0;0;0;0;0;0;0;0;0;0;0;0;0;0;0
De;BX;0;0;0;0;0;0;0;0;0;0;0;0;0;0;0;0;0;0;0;0;0;0;0;0;0;0;0;0;0
De;BY;0;0;0;0;0;0;0;0;0;0;0;0;0;0;0;0;0;0;0;0;0;0;0;0;0;0;0;0;0
De;BZ;0;0;0;0;0;0;0;0;0;0;0;0;0;0;0;0;0;0;0;0;0;0;0;0;0;0;0;0;0
De;CA;0;0;0;0;0;0;0;0;0;0;0;0;1;3;3;3;3;3;10;14;14;14;14;14;14;14;14;14;14
De;CB;0;0;0;0;0;0;0;0;0;0;0;0;0;0;0;0;0;0;0;0;0;0;0;0;0;0;0;0;0
De;CC;0;0;0;0;0;0;0;0;0;0;0;0;0;0;0;0;0;0;0;0;0;0;0;0;0;0;0;0;0
De;CD;0;0;0;0;0;0;0;0;0;0;0;0;0;0;0;0;0;0;0;0;0;0;0;0;0;0;0;0;0
De;CE;0;1;1;2;2;3;3;3;3;3;3;3;10;10;12;12;12;12;13;14;14;14;14;14;14;14;14;17;17
De;CF;0;0;0;0;0;0;0;0;0;0;0;0;0;0;0;0;0;0;0;0;0;0;0;0;0;0;0;0;0
De;CG;0;0;0;0;0;0;0;0;0;0;0;0;0;0;0;0;0;0;0;0;0;0;0;0;0;0;0;0;0
De;CH;0;6;6;6;6;10;10;10;10;15;15;15;15;15;15;15;15;15;19;19;24;24;24;24;24;24;24;31;31
De;CI;0;1;1;1;2;4;4;4;4;4;4;4;5;5;7;13;13;13;14;18;18;18;18;18;18;18;18;18;18
De;CJ;0;0;0;0;0;0;0;0;0;0;0;0;0;0;0;0;0;0;0;0;0;0;0;0;0;0;0;0;0
De;CK;0;0;1;1;1;2;2;2;3;3;3;3;3;3;3;4;4;4;4;4;4;4;4;4;4;4;4;5;5
De;CL;0;3;3;3;3;5;5;5;5;5;5;5;5;5;5;7;7;7;7;7;7;7;7;7;7;7;7;7;7
De;CM;0;0;0;0;0;0;0;0;0;0;0;0;0;0;0;0;0;0;0;0;0;0;0;0;0;0;0;0;0
De;CN;0;0;0;0;0;0;0;0;0;0;0;0;0;0;0;0;0;0;0;0;0;0;0;0;0;0;0;0;0
De;CO;0;0;1;1;1;1;1;1;1;3;3;3;4;4;6;7;7;7;9;10;10;10;10;10;10;10;10;16;16
De;CP;0;0;0;0;0;0;0;0;0;0;0;0;0;0;0;0;0;0;0;0;0;0;0;0;0;0;0;0;0
De;CQ;0;0;0;0;0;0;0;0;0;0;0;0;0;0;0;0;0;0;0;0;0;1;1;1;1;1;1;1;1
De;CR;0;0;0;0;0;0;0;0;0;0;0;0;0;0;0;0;0;0;0;0;0;0;0;0;0;0;0;0;0
De;CS;0;0;0;0;0;0;0;0;0;0;0;0;0;0;0;0;0;0;0;0;0;0;0;0;0;0;0;0;0
De;CT;0;1;1;1;1;1;1;1;1;1;1;1;1;1;1;5;5;5;5;5;5;5;5;5;5;5;5;5;5
De;CU;0;0;0;0;0;0;0;0;0;0;0;0;0;0;0;0;0;0;0;0;0;0;0;0;0;0;0;0;0
De;CV;0;0;0;0;0;0;0;0;0;0;0;0;0;0;0;0;0;0;0;0;0;0;0;0;0;0;0;0;0
De;CW;0;0;0;0;0;0;0;0;0;0;0;0;0;0;0;0;0;0;0;0;0;0;0;0;0;0;0;0;0
De;CX;0;0;0;0;0;0;0;0;0;0;0;0;0;0;0;0;0;0;0;0;0;0;0;0;0;0;0;0;0
De;CY;0;0;0;0;0;0;0;0;0;0;0;0;0;0;0;0;1;1;2;2;2;2;2;2;2;2;2;2;2
De;CZ;0;0;0;0;0;0;0;0;0;0;0;0;0;0;0;0;0;0;0;0;0;0;0;0;0;0;0;0;0
De;DA;0;1;1;1;1;1;1;1;2;2;2;2;2;2;3;3;3;3;3;3;3;3;4;4;4;4;4;4;4
De;DB;0;0;0;0;0;0;0;0;0;0;0;0;0;0;0;0;0;0;0;0;0;0;0;0;0;0;0;0;0
De;DC;0;0;0;0;0;0;0;0;0;0;0;0;0;0;0;0;0;0;0;0;0;0;0;0;0;0;0;0;0
De;DD;0;0;0;0;0;0;0;0;0;0;0;0;0;0;0;0;0;0;0;0;0;0;0;0;0;0;0;0;0
De;DE;0;0;1;1;1;2;2;2;2;2;2;2;5;6;7;7;7;7;13;15;16;16;16;17;17;17;17;22;22
De;DF;0;0;0;0;0;0;0;0;0;0;0;0;0;0;0;0;0;0;1;1;1;1;1;1;1;1;1;1;1
De;DG;0;2;2;2;2;3;3;3;3;3;3;3;3;3;3;3;3;3;3;3;3;3;3;3;3;3;3;3;3
De;DH;0;0;0;0;0;1;1;1;1;1;1;1;1;1;1;2;2;2;2;2;2;2;2;2;2;2;2;2;2
De;DI;0;0;0;0;1;9;9;10;10;10;10;11;11;11;12;13;13;13;13;13;13;14;14;14;14;14;14;17;17
De;DJ;0;0;0;0;0;0;0;0;0;1;1;1;1;1;1;2;2;2;2;2;2;2;2;2;2;2;2;3;3
De;DK;0;0;0;0;0;0;0;0;0;0;0;0;0;0;0;0;0;0;0;0;0;0;0;0;0;0;0;0;0
De;DL;0;0;0;0;0;0;0;0;0;0;0;0;0;0;0;0;0;0;0;0;0;0;0;0;0;0;0;0;0
De;DM;0;1;1;1;1;1;1;1;1;1;1;1;1;1;1;2;2;2;2;2;2;3;3;3;3;3;3;3;3
De;DN;0;0;0;0;0;0;0;0;0;0;0;0;0;0;0;0;0;0;0;0;0;0;0;0;0;0;0;0;0
De;DO;0;0;0;0;0;0;1;1;1;1;1;1;5;6;7;7;7;7;14;14;14;15;16;16;16;16;16;28;28
De;DP;0;0;0;0;0;0;0;0;0;0;0;0;0;0;0;0;0;0;0;0;0;0;0;0;0;0;0;0;0
De;DQ;0;0;0;0;0;0;0;0;0;0;0;0;0;0;0;0;0;0;0;0;0;0;0;0;0;0;0;0;0
De;DR;0;0;0;0;0;4;4;4;4;10;10;10;10;10;10;12;12;12;12;12;12;12;12;12;12;12;12;12;12
De;DS;0;0;0;0;0;0;0;0;0;0;0;0;0;0;0;0;0;0;0;0;0;0;0;0;0;0;0;0;0
De;DT;0;0;0;0;0;0;0;0;0;0;0;0;0;0;0;0;0;0;0;0;0;0;0;0;0;0;0;4;4
De;DU;0;2;2;2;2;2;2;2;2;2;2;2;4;4;4;4;4;4;5;5;5;5;5;5;5;5;5;5;5
De;DV;0;0;0;0;0;0;0;0;0;0;0;0;0;0;0;0;0;0;0;0;0;0;0;0;0;0;0;0;0
De;DW;0;0;0;0;0;0;0;0;0;1;1;1;1;1;1;1;1;1;1;1;1;1;1;1;1;1;1;1;1
De;DX;0;0;0;0;0;0;0;0;0;0;0;0;0;0;0;0;0;0;0;0;0;0;0;0;0;0;0;0;0
De;DY;0;0;0;0;0;0;0;0;0;0;0;0;0;0;0;0;0;0;0;0;0;0;0;0;0;0;0;1;1
De;DZ;0;0;0;0;0;0;0;0;0;0;0;0;0;0;0;0;0;0;0;0;0;0;0;0;0;0;0;0;0
De;EA;0;0;0;0;0;0;0;0;0;0;0;0;0;0;7;7;7;7;7;7;7;8;8;8;8;8;8;9;9
De;EB;0;2;3;3;3;6;6;6;7;8;8;8;8;8;8;8;8;8;9;9;9;9;9;9;9;9;9;10;10
De;EC;0;0;0;0;0;0;0;0;5;6;6;9;9;9;9;9;9;9;9;9;10;10;10;10;10;10;10;10;10
De;ED;0;0;0;0;0;6;6;8;10;11;12;12;12;14;14;16;16;16;18;18;18;20;20;20;20;20;20;32;32
De;EE;0;0;0;0;0;0;0;0;0;0;0;1;2;2;2;2;2;2;3;5;5;5;5;5;5;5;5;9;9
De;EF;0;0;0;0;0;0;1;1;1;1;1;1;1;1;1;1;1;1;1;1;1;1;1;1;1;1;1;2;2
De;EG;0;0;1;1;1;1;2;2;3;5;5;5;5;6;6;9;9;9;9;9;9;9;9;9;9;9;9;9;9
De;EH;0;2;2;2;2;2;2;2;2;2;2;2;2;2;2;2;2;2;2;2;2;2;2;2;2;2;2;2;2
De;EI;0;0;0;0;0;0;0;0;0;0;0;0;0;1;12;12;12;12;12;12;12;12;12;12;12;12;12;12;12
De;EJ;0;0;0;0;0;0;0;0;0;0;0;0;0;0;0;0;0;0;0;0;0;0;0;0;0;0;0;0;0
De;EK;0;0;0;0;0;0;0;0;0;0;0;1;1;1;1;1;1;1;1;1;1;1;1;1;1;1;1;2;2
De;EL;0;2;3;3;3;7;8;8;8;18;18;18;19;28;28;30;30;30;30;32;32;32;32;32;32;32;32;57;57
De;EM;0;1;2;2;2;5;5;5;5;10;10;10;10;13;13;13;13;13;13;13;13;13;13;13;13;15;15;17;17
De;EN;0;0;0;1;3;10;10;13;13;15;16;17;17;17;20;24;24;24;29;31;39;39;39;39;39;39;44;67;67
De;EO;0;0;0;0;3;3;3;3;3;3;3;3;3;3;10;10;12;12;16;16;16;16;16;16;16;16;16;22;22
De;EP;0;0;0;0;0;0;0;0;3;3;3;3;3;3;3;3;5;5;5;5;5;5;5;5;5;5;5;6;6
De;EQ;0;0;0;0;0;0;0;0;0;0;0;0;0;0;0;0;0;0;0;0;0;0;0;0;0;0;0;0;0
De;ER;0;2;4;4;6;9;10;11;15;26;26;27;28;32;42;46;46;46;50;50;75;75;78;79;79;79;79;111;111
De;ES;0;1;1;1;1;1;1;1;1;2;2;2;3;3;3;3;3;3;3;3;10;11;11;11;11;11;11;24;24
De;ET;0;3;3;3;3;5;6;6;8;9;9;9;10;11;11;12;12;12;14;14;14;14;14;14;14;14;15;17;17
De;EU;0;0;0;0;0;0;0;1;1;1;1;1;1;1;3;3;3;3;4;6;7;7;7;7;7;7;7;8;8
De;EV;0;1;1;1;1;3;3;3;3;3;3;3;3;3;3;4;4;4;4;4;4;4;4;4;4;4;4;4;4
De;EW;0;1;1;1;1;1;1;1;1;2;2;2;2;2;2;2;2;2;2;2;2;2;2;2;2;2;2;2;2
De;EX;0;1;1;1;1;1;1;1;1;2;2;2;2;2;2;2;2;2;2;2;2;2;2;2;2;2;2;2;2
De;EY;0;0;0;0;0;0;0;0;0;0;0;0;0;0;0;0;0;0;0;0;0;0;0;0;0;0;0;0;0
De;EZ;0;0;0;0;0;0;0;0;0;0;0;0;0;0;0;0;0;0;0;0;0;0;0;0;0;0;0;0;0
De;FA;0;1;2;2;2;2;2;2;2;2;2;2;3;3;3;3;3;3;3;3;3;3;3;3;3;3;4;4;4
De;FB;0;0;0;0;0;0;0;0;0;0;0;0;0;0;0;0;0;0;0;0;0;0;0;0;0;0;0;0;0
De;FC;0;0;0;0;0;0;0;0;0;0;0;0;0;0;0;0;0;0;0;0;0;0;0;0;0;0;0;0;0
De;FD;0;0;0;0;0;0;0;0;0;0;0;0;0;0;0;0;0;0;0;0;0;0;0;0;0;0;0;0;0
De;FE;0;0;0;0;1;1;1;1;1;1;1;1;5;5;6;6;6;6;9;10;10;10;10;10;10;10;10;10;10
De;FF;0;0;0;0;0;1;1;1;1;1;1;1;1;1;1;1;1;1;1;1;1;1;1;1;1;1;1;1;1
De;FG;0;1;1;1;1;1;1;1;1;1;1;1;1;1;1;1;1;1;1;1;1;1;1;1;1;1;1;1;1
De;FH;0;0;0;0;0;0;0;0;0;0;0;0;0;0;0;0;0;0;0;0;0;0;0;0;0;0;0;0;0
De;FI;0;0;0;0;0;0;0;0;0;0;0;0;0;0;0;0;0;0;1;1;1;1;1;1;1;1;1;1;1
De;FJ;0;0;0;0;0;0;0;0;0;0;0;0;0;0;0;0;0;0;0;0;0;0;0;0;0;0;0;0;0
De;FK;0;0;0;0;0;0;0;0;0;0;0;0;0;0;0;0;0;0;0;0;0;0;0;0;0;0;0;0;0
De;FL;0;0;0;0;0;0;0;0;0;0;0;0;0;0;0;5;5;5;5;5;5;5;5;5;5;5;5;5;5
De;FM;0;0;0;0;0;0;0;0;0;0;0;0;0;0;0;0;0;0;0;0;0;0;0;0;0;0;0;0;0
De;FN;0;0;0;0;0;0;0;0;0;0;0;0;0;0;0;0;0;0;0;0;0;0;0;0;0;0;0;0;0
De;FO;0;0;0;0;0;0;0;0;0;0;0;0;0;0;2;2;2;2;3;3;3;3;3;3;3;3;3;3;3
De;FP;0;0;0;0;0;0;0;0;0;0;0;0;0;0;0;0;0;0;0;0;0;0;0;0;0;0;0;0;0
De;FQ;0;0;0;0;0;0;0;0;0;0;0;0;0;0;0;0;0;0;0;0;0;0;0;0;0;0;0;0;0
De;FR;0;7;7;7;7;11;11;11;11;27;27;27;27;27;27;27;27;27;27;27;27;27;27;27;27;27;27;27;27
De;FS;0;0;0;0;0;0;0;0;0;0;0;0;0;0;0;0;0;0;0;0;0;0;0;0;0;0;0;0;0
De;FT;0;0;0;0;0;0;0;0;0;0;0;0;0;0;0;0;0;0;0;0;0;0;0;0;0;0;0;0;0
De;FU;0;0;0;0;0;0;0;0;0;0;0;0;0;0;0;0;0;0;0;0;0;0;0;0;0;0;0;0;0
De;FV;0;0;0;0;0;0;0;0;0;0;0;0;0;0;0;0;0;0;0;0;0;0;0;0;0;0;0;0;0
De;FW;0;0;0;0;0;0;0;0;0;0;0;0;0;0;0;0;0;0;0;0;0;0;0;0;0;0;0;0;0
De;FX;0;0;0;0;0;0;0;0;0;0;0;0;0;0;0;0;0;0;0;0;0;0;0;0;0;0;0;0;0
De;FY;0;0;0;0;0;0;0;0;0;0;0;0;0;0;0;0;0;0;0;0;0;0;0;0;0;0;0;0;0
De;FZ;0;0;0;0;0;0;0;0;0;0;0;0;0;0;0;0;0;0;0;0;0;0;0;0;0;0;0;0;0
De;GA;0;0;1;1;1;3;3;3;3;3;3;3;3;3;6;6;6;6;8;10;10;10;10;10;10;11;11;11;11
De;GB;0;0;0;0;0;1;1;1;1;1;1;1;1;1;1;1;1;1;1;1;1;1;1;1;1;1;1;1;1
De;GC;0;0;0;0;0;0;0;0;0;0;0;0;0;0;0;0;0;0;0;0;0;0;0;0;0;0;0;0;0
De;GD;0;0;0;0;0;0;0;0;0;0;0;0;0;0;0;0;0;0;0;0;0;0;0;0;0;0;0;0;0
De;GE;0;0;2;2;2;3;3;3;3;3;3;3;5;5;8;12;12;12;31;34;34;34;34;34;34;34;34;37;37
De;GF;0;0;0;0;0;0;0;0;0;0;0;0;0;0;0;0;0;0;1;1;1;1;1;1;1;1;1;1;1
De;GG;0;0;0;0;0;0;0;0;0;0;0;0;0;0;0;0;0;0;0;0;0;0;0;0;0;0;0;0;0
De;GH;0;2;2;2;2;2;2;2;2;2;2;2;2;2;2;2;2;2;2;2;2;2;2;2;2;2;2;2;2
De;GI;0;0;0;0;0;0;0;0;0;0;2;2;6;6;7;8;8;8;8;13;13;13;13;13;13;13;13;14;14
De;GJ;0;0;0;0;0;0;0;0;0;0;0;0;0;0;0;0;0;0;0;0;0;0;0;0;0;0;0;0;0
De;GK;0;0;0;0;0;0;0;0;0;0;0;0;0;0;0;0;0;0;0;0;0;0;0;0;0;0;0;0;0
De;GL;0;0;0;0;0;0;0;0;0;0;0;0;0;0;0;0;0;0;0;0;0;0;0;0;0;0;0;0;0
De;GM;0;0;0;0;0;0;0;0;0;0;0;0;0;0;0;0;0;0;0;0;0;1;1;1;1;1;1;1;1
De;GN;0;3;3;3;3;3;3;3;3;3;3;3;3;3;3;3;3;3;3;3;3;3;3;3;3;3;3;3;3
De;GO;0;0;0;0;2;2;2;2;2;4;4;4;4;4;5;5;5;5;6;6;12;12;12;12;12;12;12;13;13
De;GP;0;0;0;0;0;0;0;0;0;0;0;0;0;0;0;0;0;0;0;0;0;0;0;0;0;0;0;0;0
De;GQ;0;0;0;0;0;0;0;0;0;0;0;0;0;0;0;0;0;0;0;0;0;0;0;0;0;0;0;0;0
De;GR;0;1;1;1;1;3;3;3;3;3;3;3;3;3;3;3;3;3;3;3;3;3;3;3;3;3;3;3;3
De;GS;0;0;0;0;0;0;0;0;0;0;0;0;0;0;0;0;0;0;0;0;0;0;0;0;0;0;0;0;0
De;GT;0;0;0;0;0;0;0;0;0;0;0;0;0;0;0;0;0;0;0;0;0;0;0;0;0;0;0;0;0
De;GU;0;0;0;0;0;2;2;2;2;4;4;4;4;4;9;9;9;9;9;14;14;14;14;14;14;15;15;15;15
De;GV;0;0;0;0;0;0;0;0;0;0;0;0;0;0;0;0;0;0;0;0;0;0;0;0;0;0;0;0;0
De;GW;0;0;0;0;0;0;0;0;0;0;0;0;0;0;0;0;0;0;0;0;0;0;0;0;0;0;0;0;0
De;GX;0;0;0;0;0;0;0;0;0;0;0;0;0;0;0;0;0;0;0;0;0;0;0;0;0;0;0;0;0
De;GY;0;0;0;0;0;0;0;0;0;0;0;0;0;0;0;0;0;0;0;0;0;0;0;0;0;0;0;0;0
De;GZ;0;0;0;0;0;0;0;0;0;0;0;0;0;0;0;0;0;0;0;0;0;0;0;0;0;0;0;0;0
De;HA;0;0;1;1;2;4;4;5;5;6;6;6;8;8;14;16;16;16;37;37;37;37;37;37;37;37;37;39;39
De;HB;0;0;0;0;0;0;0;0;0;0;0;0;0;0;0;0;0;0;0;0;0;0;0;0;0;0;0;0;0
De;HC;0;0;0;0;0;0;0;0;0;0;0;0;0;0;0;0;0;0;0;0;0;0;0;0;0;0;0;0;0
De;HD;0;0;0;0;0;0;0;0;0;0;0;0;0;0;0;0;0;0;0;0;0;0;0;0;0;0;0;0;0
De;HE;0;0;0;1;1;2;2;2;2;6;6;6;18;19;26;31;31;31;42;42;42;43;43;43;43;43;43;48;48
De;HF;0;0;0;0;0;0;0;0;0;0;0;0;0;0;0;0;0;0;0;0;0;0;0;0;0;0;0;0;0
De;HG;0;0;0;0;0;0;0;0;0;0;0;0;0;0;0;0;0;0;0;0;0;0;0;0;0;0;0;0;0
De;HH;0;0;0;0;0;0;0;0;0;0;0;0;0;0;0;0;0;0;0;0;0;0;0;0;0;0;0;0;0
De;HI;0;1;1;1;1;4;4;4;4;4;4;4;13;17;19;19;21;21;21;21;21;21;21;21;21;21;21;21;21
De;HJ;0;0;0;0;0;0;0;0;0;0;0;0;0;0;0;0;0;0;0;0;0;0;0;0;0;0;0;0;0
De;HK;0;0;0;0;0;0;0;0;0;0;0;0;0;0;0;0;0;0;0;0;0;0;0;0;0;0;0;0;0
De;HL;0;0;0;0;0;0;0;0;0;0;0;0;0;0;0;0;0;0;0;0;0;0;0;0;0;0;0;0;0
De;HM;0;1;1;1;1;1;1;1;1;1;1;1;1;1;1;1;1;1;1;1;1;1;1;1;1;1;1;1;1
De;HN;0;0;0;0;0;0;0;0;0;0;0;0;0;0;0;0;0;0;0;0;0;0;0;0;0;0;0;0;0
De;HO;0;0;0;0;0;0;0;0;0;0;0;0;6;7;9;9;9;9;12;12;12;12;12;12;12;12;12;12;12
De;HP;0;0;0;0;0;0;0;0;0;0;0;0;0;0;0;0;0;0;0;0;0;0;0;0;0;0;0;0;0
De;HQ;0;0;0;0;0;0;0;0;0;0;0;0;0;0;0;0;0;0;0;0;0;0;0;0;0;0;0;0;0
De;HR;0;0;0;0;0;0;0;0;0;4;4;4;4;4;4;4;4;4;4;4;4;4;4;4;4;4;4;4;4
De;HS;0;0;0;0;0;0;0;0;0;0;0;0;0;0;0;0;0;0;0;0;0;0;0;0;0;0;0;0;0
De;HT;0;0;0;0;0;0;0;0;0;0;0;0;0;0;0;0;0;0;0;0;0;0;0;0;0;0;0;5;5
De;HU;0;0;2;2;2;2;2;3;3;3;3;3;3;3;3;3;5;5;7;7;7;7;7;7;7;7;7;7;7
De;HV;0;0;0;0;0;0;0;0;0;0;0;0;0;0;0;0;0;0;0;0;0;0;0;0;0;0;0;0;0
De;HW;0;0;0;0;0;0;0;0;0;0;0;0;0;0;0;0;0;0;0;0;0;0;0;0;0;0;0;0;0
De;HX;0;0;0;0;0;0;0;0;0;0;0;0;0;0;0;0;0;0;0;0;0;0;0;0;0;0;0;0;0
De;HY;0;1;1;1;1;1;1;1;1;1;1;1;1;1;1;1;1;1;1;1;1;1;1;1;1;1;1;1;1
De;HZ;0;0;0;0;0;0;0;0;0;0;0;0;0;0;0;0;0;0;0;0;0;0;0;0;0;0;0;0;0
De;IA;0;4;4;4;4;4;4;4;4;4;4;4;5;6;12;12;12;12;12;14;14;14;14;14;14;14;14;14;14
De;IB;0;1;1;1;1;6;6;6;6;6;6;6;6;6;6;6;6;6;6;6;6;7;7;7;7;7;7;7;7
De;IC;0;1;1;1;1;3;3;3;14;18;18;20;20;20;20;24;24;24;24;24;27;27;27;27;27;27;27;30;30
De;ID;0;0;0;0;0;2;2;2;2;3;3;3;3;3;3;6;6;6;6;6;6;6;6;6;6;6;6;8;8
De;IE;0;0;1;1;17;17;17;21;21;21;21;21;26;27;37;37;37;37;44;45;52;53;53;53;53;53;53;56;56
De;IF;0;2;2;2;2;2;2;2;2;2;2;2;2;2;2;2;2;2;2;2;2;2;2;2;2;2;2;2;2
De;IG;0;1;1;1;1;2;2;2;2;5;5;5;5;5;8;9;9;9;9;9;9;10;10;10;10;10;10;12;12
De;IH;0;0;0;0;0;0;0;0;0;0;0;0;0;0;0;0;0;0;0;0;0;0;0;0;0;0;0;0;0
De;II;0;0;0;0;0;0;0;0;0;0;0;0;0;0;0;0;0;0;0;0;0;0;0;0;0;0;0;0;0
De;IJ;0;0;0;0;0;0;0;0;0;0;0;1;1;1;5;5;5;5;5;7;7;7;7;7;7;7;7;7;7
De;IK;0;0;0;0;0;0;0;0;0;0;0;0;1;1;1;3;3;3;3;3;4;4;4;4;4;4;4;6;6
De;IL;0;1;2;2;4;7;9;9;10;18;18;18;27;27;27;28;28;28;28;28;28;28;28;28;28;28;28;29;29
De;IM;0;0;0;0;0;5;5;5;5;10;10;10;10;10;10;13;13;13;13;13;13;16;16;16;16;16;16;20;20
De;IN;0;2;2;3;3;10;11;12;15;17;17;17;17;17;17;24;24;24;27;27;30;30;30;30;30;30;32;63;63
De;IO;0;0;0;0;1;1;1;1;1;1;1;1;1;2;3;3;3;3;3;4;4;4;4;4;4;4;4;18;18
De;IP;0;0;0;0;0;1;1;1;1;1;1;1;1;1;1;2;5;5;5;5;5;5;5;5;5;5;5;5;5
De;IQ;0;0;0;0;0;0;0;0;0;0;0;0;0;0;0;0;0;0;0;0;0;1;1;1;1;1;1;1;1
De;IR;0;0;0;0;0;7;7;7;7;7;7;7;7;8;8;9;9;9;9;9;9;9;9;9;9;9;9;13;13
De;IS;0;0;1;2;2;8;8;8;8;11;11;11;12;14;14;14;14;15;15;16;25;25;25;26;26;26;26;45;45
De;IT;0;1;1;1;1;1;1;2;2;2;2;2;2;2;2;7;8;8;8;8;8;8;8;8;8;8;10;12;12
De;IU;0;0;0;0;0;0;0;0;0;0;0;0;0;0;0;0;0;0;0;2;2;2;2;2;2;2;2;2;2
De;IV;0;0;0;0;0;0;0;0;0;1;1;1;1;1;1;2;2;2;2;2;2;2;2;2;2;2;2;2;2
De;IW;0;0;0;0;0;0;0;0;0;0;0;0;0;0;0;0;0;0;0;0;0;0;0;0;0;0;0;0;0
De;IX;0;0;0;0;0;0;0;0;0;0;0;0;0;0;0;0;0;0;0;0;0;0;0;0;0;0;0;2;2
De;IY;0;0;0;0;0;0;0;0;0;0;0;0;0;0;0;0;0;0;0;0;0;0;0;0;0;0;0;0;0
De;IZ;0;1;1;1;1;1;1;1;1;1;1;1;1;1;1;1;1;1;1;1;1;1;1;1;1;1;1;1;1
De;JA;0;1;1;4;4;4;4;4;4;5;5;5;5;6;8;8;8;8;9;9;9;9;10;10;10;10;10;10;10
De;JB;0;0;0;0;0;0;0;0;0;0;0;0;0;0;0;0;0;0;0;0;0;0;0;0;0;0;0;0;0
De;JC;0;0;0;0;0;0;0;0;0;0;0;0;0;0;0;0;0;0;0;0;0;0;0;0;0;0;0;0;0
De;JD;0;0;0;0;0;0;0;0;0;0;0;0;0;0;0;0;0;0;0;0;0;0;0;0;0;0;0;0;0
De;JE;0;5;5;5;5;5;5;5;5;5;5;5;5;5;5;5;5;5;8;9;9;9;9;9;9;9;9;9;9
De;JF;0;0;0;0;0;0;0;0;0;0;0;0;0;0;0;0;0;0;0;0;0;0;0;0;0;0;0;0;0
De;JG;0;0;0;0;0;0;0;0;0;0;0;0;0;0;0;0;0;0;0;0;0;0;0;0;0;0;0;0;0
De;JH;0;0;0;0;0;0;0;0;0;0;0;0;0;0;0;0;0;0;0;0;0;0;0;0;0;0;0;0;0
De;JI;0;0;0;0;0;0;0;0;0;0;0;0;0;0;0;0;0;0;0;0;0;0;0;0;0;0;0;1;1
De;JJ;0;0;0;0;0;0;0;0;0;0;0;0;0;0;0;0;0;0;0;0;0;0;0;0;0;0;0;0;0
De;JK;0;0;0;0;0;0;0;0;0;0;0;0;0;0;0;0;0;0;0;0;0;0;0;0;0;0;0;1;1
De;JL;0;0;0;0;0;0;0;0;0;0;0;0;0;0;0;0;0;0;0;0;0;0;0;0;0;0;0;0;0
De;JM;0;0;0;0;0;0;0;0;0;0;0;0;0;0;0;0;0;0;0;0;0;0;0;0;0;0;0;0;0
De;JN;0;0;0;0;0;0;0;0;0;0;0;0;0;0;0;0;0;0;0;0;0;0;0;0;0;0;0;4;4
De;JO;0;3;3;6;6;7;7;7;8;8;8;8;8;8;8;12;12;12;16;19;19;19;19;19;19;19;20;21;21
De;JP;0;0;0;0;0;0;0;0;0;0;0;0;0;0;0;0;0;0;0;0;0;0;0;0;0;0;0;0;0
De;JQ;0;0;0;0;0;0;0;0;0;0;0;0;0;0;0;0;0;0;0;0;0;0;0;0;0;0;0;0;0
De;JR;0;0;0;0;0;0;0;0;0;0;0;0;0;0;0;0;0;0;0;0;0;0;0;0;0;0;0;0;0
De;JS;0;0;1;1;1;1;1;1;1;1;1;1;1;1;1;1;1;1;1;1;1;1;1;1;1;1;1;2;2
De;JT;0;0;0;0;0;0;0;0;0;0;0;0;0;0;0;0;0;0;0;0;0;0;0;0;0;0;0;0;0
De;JU;0;0;0;0;1;1;1;1;1;1;1;1;4;4;4;4;4;4;5;7;7;7;7;7;7;7;7;7;7
De;JV;0;0;0;0;0;0;0;0;0;0;0;0;0;0;0;0;0;0;0;0;0;0;0;0;0;0;0;0;0
De;JW;0;0;0;0;0;0;0;0;0;0;0;0;0;0;0;0;0;0;0;0;0;0;0;0;0;0;0;0;0
De;JX;0;0;0;0;0;0;0;0;0;0;0;0;0;0;0;0;0;0;0;0;0;0;0;0;0;0;0;0;0
De;JY;0;0;0;0;0;0;0;0;0;0;0;0;0;0;0;0;0;0;0;0;0;0;0;0;0;0;0;0;0
De;JZ;0;0;0;0;0;0;0;0;0;0;0;0;0;0;0;0;0;0;0;0;0;0;0;0;0;0;0;0;0
De;KA;0;0;0;1;1;1;1;1;1;2;2;2;2;2;2;2;2;2;4;6;6;6;6;6;6;7;7;7;7
De;KB;0;0;0;0;0;1;1;1;1;1;1;1;1;1;1;1;1;1;1;1;1;1;1;1;1;1;1;1;1
De;KC;0;0;0;0;0;0;0;0;0;0;0;0;0;0;0;0;0;0;0;0;0;0;0;0;0;0;0;0;0
De;KD;0;0;0;0;0;0;0;0;0;0;0;0;0;0;0;0;0;0;0;0;0;0;0;0;0;0;0;0;0
De;KE;0;0;0;0;0;1;1;1;3;3;3;3;3;3;3;3;3;3;5;5;5;5;5;5;5;5;5;6;6
De;KF;0;0;0;0;0;0;0;0;0;0;0;0;0;0;0;0;0;0;0;0;0;0;0;0;0;0;0;0;0
De;KG;0;0;0;0;0;0;0;0;0;0;0;0;0;0;0;0;0;0;0;0;0;0;0;0;0;0;0;0;0
De;KH;0;3;3;3;3;3;3;3;3;3;3;3;3;3;3;3;3;3;3;3;3;3;3;3;3;3;3;3;3
De;KI;0;0;0;0;0;0;0;0;0;0;0;0;0;0;0;0;0;0;0;0;0;0;0;0;0;0;0;0;0
De;KJ;0;0;0;0;0;0;0;0;0;0;0;0;0;0;0;0;0;0;0;0;0;0;0;0;0;0;0;0;0
De;KK;0;0;0;0;0;1;1;1;1;1;1;1;1;1;1;1;1;1;1;1;1;1;1;1;1;1;1;1;1
De;KL;0;3;3;3;3;4;4;4;4;4;4;4;4;4;4;4;4;4;4;4;4;4;4;4;4;4;4;4;4
De;KM;0;0;0;0;0;0;0;0;0;0;0;0;0;0;0;0;0;0;0;0;0;0;0;0;0;0;0;0;0
De;KN;0;0;0;0;0;0;0;0;0;0;0;0;0;0;0;0;0;0;0;0;0;0;0;0;0;0;0;0;0
De;KO;0;0;0;0;1;3;3;3;3;3;3;3;6;6;6;7;7;7;10;10;10;10;10;10;10;10;10;10;10
De;KP;0;0;0;0;0;0;0;0;0;0;0;0;0;0;0;0;0;0;0;0;0;0;0;0;0;0;0;0;0
De;KQ;0;0;0;0;0;0;0;0;0;0;0;0;0;0;0;0;0;0;0;0;0;0;0;0;0;0;0;0;0
De;KR;0;1;1;1;1;1;1;1;1;1;1;1;1;1;1;1;1;1;1;1;1;1;1;1;1;1;1;1;1
De;KS;0;0;0;0;0;0;0;0;0;0;0;0;0;0;0;0;0;0;0;0;0;0;0;0;0;0;0;0;0
De;KT;0;0;0;0;0;0;0;0;0;0;0;0;0;0;0;0;0;0;0;0;0;0;0;0;0;0;0;1;1
De;KU;0;0;0;0;0;0;0;0;0;0;0;0;0;0;2;2;2;2;3;4;4;4;4;4;4;4;4;4;4
De;KV;0;0;0;0;0;0;0;0;0;0;0;0;0;0;0;0;0;0;0;0;0;0;0;0;0;0;0;0;0
De;KW;0;0;0;0;0;0;0;0;0;0;0;0;0;0;0;0;0;0;0;0;0;0;0;0;0;0;0;0;0
De;KX;0;0;0;0;0;0;0;0;0;0;0;0;0;0;0;0;0;0;0;0;0;0;0;0;0;0;0;0;0
De;KY;0;0;0;0;0;0;0;0;0;0;0;0;0;0;0;0;0;0;0;0;0;0;0;0;0;0;0;0;0
De;KZ;0;0;0;0;0;0;0;0;0;0;0;0;0;0;0;0;0;0;0;0;0;0;0;0;0;0;0;0;0
De;LA;0;2;2;3;3;3;3;3;3;6;6;6;6;8;13;13;13;13;13;15;15;26;26;26;26;26;27;27;27
De;LB;0;1;1;1;1;4;4;4;4;5;5;5;5;5;5;5;5;5;6;6;6;6;6;6;6;6;6;6;6
De;LC;0;0;0;0;0;0;0;0;0;1;1;1;1;1;1;1;1;1;1;1;1;1;1;1;1;1;1;1;1
De;LD;0;0;0;0;0;1;1;1;1;2;2;2;2;2;2;4;4;4;4;4;4;5;5;5;5;5;5;15;15
De;LE;0;2;4;4;4;4;5;5;5;5;5;5;5;9;11;19;19;19;19;23;23;24;24;24;26;26;26;34;34
De;LF;0;0;0;0;0;0;0;1;1;1;1;1;1;1;1;3;3;3;7;7;7;7;7;7;7;7;7;11;11
De;LG;0;0;0;0;0;0;0;0;0;0;0;0;0;0;0;0;0;0;0;0;0;0;0;0;0;0;0;0;0
De;LH;0;0;0;0;0;1;1;1;1;1;1;1;1;1;1;1;1;1;1;1;1;1;1;1;1;1;1;1;1
De;LI;0;2;3;4;5;10;10;10;10;10;10;10;10;10;15;18;21;21;21;24;27;27;28;28;30;30;30;30;30
De;LJ;0;0;0;0;0;0;0;0;0;0;0;0;0;0;0;0;0;0;0;0;0;0;0;0;0;0;0;0;0
De;LK;0;0;0;0;0;1;1;1;1;1;1;1;1;1;1;1;1;1;1;1;1;1;1;1;1;1;1;2;2
De;LL;0;2;2;2;2;6;6;6;6;9;9;9;9;9;9;10;10;10;10;10;10;10;10;10;10;10;10;11;11
De;LM;0;1;1;1;1;2;4;4;4;4;4;4;4;4;4;4;4;4;4;4;4;6;6;6;6;6;6;9;9
De;LN;0;0;0;0;0;0;0;0;0;0;0;0;0;0;0;0;0;0;0;0;0;0;0;0;0;0;0;0;0
De;LO;0;0;0;0;1;1;1;1;1;4;4;4;4;5;5;5;5;5;12;13;16;19;20;20;20;21;21;24;24
De;LP;0;0;0;0;0;0;0;0;3;3;3;3;3;3;3;3;3;3;3;3;3;3;3;3;3;3;3;3;3
De;LQ;0;0;0;0;0;0;0;0;0;0;0;0;0;0;0;0;0;0;0;0;0;0;0;0;0;0;0;0;0
De;LR;0;0;0;0;0;0;0;0;0;0;0;0;0;0;0;0;0;0;0;0;0;0;0;0;0;0;0;0;0
De;LS;0;0;0;0;0;0;0;0;0;0;0;0;0;0;0;0;0;0;0;0;0;0;0;0;0;0;0;2;2
De;LT;0;0;0;0;0;0;0;0;1;1;1;1;1;1;1;1;1;1;1;1;1;1;1;1;1;1;1;2;2
De;LU;0;0;0;2;5;5;5;5;5;8;8;9;9;9;9;9;9;9;9;9;10;11;11;11;11;11;11;11;11
De;LV;0;2;2;2;2;2;2;2;2;3;3;3;3;3;3;3;3;3;3;3;3;3;3;3;3;3;3;3;3
De;LW;0;0;0;0;0;0;0;0;0;0;0;0;0;0;0;0;0;0;0;0;0;0;0;0;0;0;0;0;0
De;LX;0;0;0;0;0;0;0;0;0;0;0;0;0;0;0;0;0;0;0;0;0;0;0;0;0;0;0;0;0
De;LY;0;0;0;0;0;0;0;0;0;0;0;0;0;0;0;0;0;0;0;1;2;2;2;2;2;2;2;2;2
De;LZ;0;0;0;0;0;0;0;0;0;0;0;0;0;0;0;0;0;0;0;0;0;0;0;0;0;0;0;0;0
De;MA;0;3;3;3;3;4;4;4;6;8;8;8;8;8;23;23;23;23;43;44;48;51;51;51;57;57;57;57;57
De;MB;0;0;0;0;0;0;0;0;0;0;0;0;0;0;0;0;0;0;3;3;3;3;3;3;3;3;3;3;3
De;MC;0;0;0;0;0;0;0;0;0;0;0;0;0;0;0;0;0;0;0;0;0;0;0;0;0;0;0;0;0
De;MD;0;0;0;0;0;0;0;0;0;0;0;0;0;0;0;0;0;0;0;0;0;0;0;0;0;0;0;0;0
De;ME;0;0;0;0;1;1;1;1;1;4;4;4;4;4;10;14;14;14;19;19;19;19;19;19;19;19;19;26;26
De;MF;0;0;0;0;0;0;0;0;0;0;0;0;0;0;0;0;0;0;2;2;2;2;2;2;2;2;2;2;2
De;MG;0;0;0;0;0;0;0;0;0;0;0;0;0;0;0;0;0;0;0;0;0;0;0;0;0;0;0;0;0
De;MH;0;0;0;0;0;0;0;0;0;0;0;0;0;0;0;0;0;0;0;0;0;0;0;0;0;0;0;0;0
De;MI;0;1;1;5;5;5;5;6;6;6;6;6;12;12;20;20;20;20;22;22;22;22;22;22;22;22;22;23;23
De;MJ;0;0;0;0;0;0;0;0;0;0;0;0;0;0;0;0;0;0;0;0;0;0;0;0;0;0;0;0;0
De;MK;0;0;0;0;0;0;0;0;0;0;0;0;0;0;0;0;0;0;0;0;0;0;0;0;0;0;0;0;0
De;ML;0;0;0;0;0;0;0;0;0;0;0;0;0;0;0;0;0;0;0;0;0;0;0;0;0;0;0;0;0
De;MM;0;2;2;2;2;4;4;4;4;4;4;4;4;4;4;4;4;4;4;4;4;4;4;4;4;4;4;4;4
De;MN;0;0;0;0;0;0;0;0;0;0;0;0;0;0;0;0;0;0;0;0;0;0;0;0;0;0;0;0;0
De;MO;0;0;0;0;1;1;1;1;1;2;2;2;2;2;6;6;6;6;7;8;9;9;9;9;9;9;10;10;10
De;MP;0;0;0;0;0;0;0;0;0;0;0;0;0;0;0;0;0;0;1;1;1;1;1;1;1;1;1;1;1
De;MQ;0;0;0;0;0;0;0;0;0;0;0;0;0;0;0;0;0;0;0;0;0;0;0;0;0;0;0;0;0
De;MR;0;0;0;0;0;0;0;0;0;0;0;0;0;0;0;0;0;0;0;0;0;0;0;0;0;0;0;0;0
De;MS;0;0;0;0;0;0;0;0;0;0;0;0;0;1;1;1;1;1;1;1;1;1;1;1;1;1;1;1;1
De;MT;0;0;0;0;0;0;0;0;0;0;0;0;0;0;0;0;0;0;0;0;0;0;0;0;0;0;0;0;0
De;MU;0;0;0;0;0;1;1;1;1;1;1;1;1;2;10;10;10;10;10;11;14;14;14;14;14;14;14;14;14
De;MV;0;0;0;0;0;0;0;0;0;0;0;0;0;0;0;0;0;0;0;0;0;0;0;0;0;0;0;0;0
De;MW;0;0;0;0;0;0;0;0;0;0;0;0;0;0;0;0;0;0;0;0;0;0;0;0;0;0;0;0;0
De;MX;0;0;0;0;0;0;0;0;0;0;0;0;0;0;0;0;0;0;0;0;0;0;0;0;0;0;0;0;0
De;MY;0;0;0;0;0;0;0;0;0;0;0;0;0;0;0;0;0;0;0;0;0;0;0;0;0;0;0;2;2
De;MZ;0;0;0;0;0;0;0;0;0;0;0;0;0;0;0;0;0;0;0;0;0;0;0;0;0;0;0;0;0
De;NA;0;1;1;4;4;4;4;4;4;4;4;4;4;4;7;7;7;7;12;12;15;16;16;16;16;16;16;16;16
De;NB;0;0;0;0;0;0;0;0;0;0;0;0;0;0;0;0;0;0;0;0;0;0;0;0;0;0;0;0;0
De;NC;0;0;0;0;0;2;2;2;2;6;6;6;6;6;6;8;8;8;8;8;8;8;8;8;8;8;8;8;8
De;ND;0;0;0;0;0;2;2;2;2;2;2;2;2;2;2;7;7;7;14;14;16;16;16;16;16;16;16;35;35
De;NE;0;0;0;0;1;3;3;4;4;4;4;4;5;5;5;5;5;5;8;12;13;13;13;13;13;13;13;26;26
De;NF;0;0;0;0;0;0;0;0;0;0;0;0;0;0;0;0;0;0;2;2;2;2;2;2;2;2;2;2;2
De;NG;0;0;0;0;0;3;3;3;3;4;4;4;4;4;4;4;4;4;4;4;4;4;4;4;4;4;4;6;6
De;NH;0;4;4;4;4;4;4;4;4;4;4;4;4;4;4;5;5;5;5;5;5;5;5;5;5;5;5;5;5
De;NI;0;1;3;5;5;7;8;8;8;8;8;11;11;11;14;15;15;16;17;22;23;23;23;23;23;23;23;23;23
De;NJ;0;1;1;1;1;1;1;1;1;1;1;1;1;1;1;1;1;1;1;1;1;1;1;1;1;1;1;1;1
De;NK;0;0;0;0;0;1;1;1;1;1;1;1;1;1;1;1;1;1;2;2;2;2;2;2;2;2;2;3;3
De;NL;0;0;0;0;0;0;0;0;0;0;0;0;0;0;0;0;0;0;0;0;0;0;0;0;0;0;0;0;0
De;NM;0;0;0;0;0;0;0;0;0;0;0;0;0;0;0;0;0;0;0;0;0;0;0;0;0;0;0;0;0
De;NN;0;0;0;0;0;3;3;3;3;3;3;3;3;3;3;5;5;5;5;5;5;5;5;5;5;6;6;13;13
De;NO;0;1;1;1;1;3;3;3;3;4;4;4;4;6;7;7;7;7;10;10;11;13;13;13;13;13;13;26;26
De;NP;0;0;0;0;0;0;0;0;0;0;0;0;0;0;0;0;0;0;0;0;0;0;0;0;0;0;0;0;0
De;NQ;0;0;0;0;0;0;0;0;0;0;0;0;0;0;0;0;0;0;0;0;0;0;0;0;0;0;0;0;0
De;NR;0;2;2;2;2;2;2;2;2;7;7;7;7;7;7;7;7;7;7;7;7;7;7;7;7;8;8;8;8
De;NS;0;0;0;0;0;2;2;2;2;2;2;2;2;2;2;3;3;3;3;3;6;6;6;6;6;6;6;9;9
De;NT;0;0;0;0;0;3;3;3;6;10;10;10;10;10;10;15;15;15;16;16;16;16;16;16;16;16;16;22;22
De;NU;0;0;0;0;0;2;2;2;2;2;2;2;2;2;2;2;2;2;2;2;2;2;2;2;2;2;2;2;2
De;NV;0;0;0;0;0;0;0;0;0;0;0;0;0;0;0;0;0;0;0;0;0;0;0;0;0;0;0;0;0
De;NW;0;0;0;0;0;0;0;0;0;0;0;0;0;0;0;0;0;0;0;0;0;0;0;0;0;0;0;0;0
De;NX;0;0;0;0;0;0;0;0;0;0;0;0;0;0;0;0;0;0;0;0;0;0;0;0;0;0;0;0;0
De;NY;0;0;0;0;0;0;0;0;0;0;0;0;0;2;2;2;2;2;2;2;2;2;2;2;2;2;2;3;3
De;NZ;0;0;0;0;0;3;3;3;3;3;3;3;3;3;3;4;4;4;4;4;4;4;4;4;4;4;4;9;9
De;OA;0;0;0;1;1;1;1;1;1;1;1;1;1;2;4;4;4;4;4;4;4;4;4;4;4;4;4;4;4
De;OB;0;0;0;0;0;1;1;1;1;1;1;1;1;1;1;1;1;1;1;1;1;2;2;2;2;2;2;2;2
De;OC;0;0;0;0;0;0;0;0;3;3;3;3;3;3;3;3;3;3;3;3;4;4;4;4;4;4;4;4;4
De;OD;0;0;0;0;0;3;4;4;4;4;5;5;5;5;5;11;11;11;12;12;12;13;13;13;13;13;13;14;14
De;OE;0;0;0;0;0;0;0;0;0;0;0;0;4;4;7;7;8;8;8;8;8;8;8;8;8;8;8;8;8
De;OF;0;0;0;0;0;0;0;0;0;0;0;0;0;0;0;0;0;0;1;1;1;1;1;1;1;1;1;1;1
De;OG;0;0;0;0;0;1;1;1;1;1;1;1;1;1;1;1;1;1;1;1;1;1;1;1;1;1;1;1;1
De;OH;0;1;1;1;1;1;1;1;1;1;1;1;1;1;1;1;1;1;1;1;1;1;1;1;1;1;1;1;1
De;OI;0;0;0;0;0;0;0;0;0;0;0;0;0;0;2;2;2;2;4;10;11;11;11;11;11;11;11;12;12
De;OJ;0;0;0;0;0;0;0;0;0;0;0;0;0;0;0;0;0;0;0;0;0;0;0;0;0;0;0;0;0
De;OK;0;1;1;1;1;1;1;1;1;1;1;1;1;1;1;1;1;1;1;1;1;1;1;1;1;1;1;1;1
De;OL;0;5;5;5;14;15;19;19;19;21;21;22;23;23;23;24;26;26;26;26;27;27;27;27;27;28;28;28;28
De;OM;0;4;4;4;4;7;7;7;7;8;8;8;8;8;8;8;8;8;8;10;10;10;10;10;10;10;10;10;10
De;ON;0;2;2;3;6;6;6;6;7;11;11;11;11;11;11;12;12;12;12;17;17;17;17;17;17;19;19;27;27
De;OO;0;0;0;0;0;0;0;0;0;0;0;0;0;0;0;0;1;1;2;6;6;6;6;6;6;6;6;6;6
De;OP;0;0;0;0;0;0;0;0;3;3;3;3;3;3;3;4;4;4;4;4;4;4;4;4;4;4;4;5;5
De;OQ;0;0;0;0;0;0;0;0;0;0;0;0;0;0;0;0;0;0;0;0;0;1;1;1;1;1;1;1;1
De;OR;0;1;4;4;7;16;16;22;22;29;29;29;29;30;31;33;33;33;33;34;36;36;36;36;36;36;36;43;43
De;OS;0;0;0;1;1;3;3;3;3;4;4;4;4;5;5;5;6;6;6;7;8;8;9;9;9;9;9;17;17
De;OT;0;1;1;1;1;1;1;1;4;4;4;4;4;4;4;4;4;4;4;4;12;12;12;12;12;12;12;13;13
De;OU;0;1;1;1;1;2;2;2;2;5;5;7;8;8;8;8;8;8;8;10;12;12;12;12;12;12;12;13;13
De;OV;0;0;0;0;0;0;0;0;0;2;2;2;2;2;2;2;2;2;2;2;2;2;2;2;2;2;2;2;2
De;OW;0;0;0;0;0;0;0;0;0;0;0;0;0;0;0;0;0;0;0;0;0;0;0;0;0;0;0;0;0
De;OX;0;0;0;0;0;0;0;0;0;0;0;0;0;0;0;0;0;0;0;0;0;0;0;0;0;0;0;0;0
De;OY;0;0;0;0;0;0;0;0;0;0;0;0;0;0;0;0;0;0;0;1;1;1;1;1;1;1;1;1;1
De;OZ;0;0;0;0;0;1;1;1;1;1;1;1;1;1;1;1;1;1;1;1;1;2;2;2;2;2;2;2;2
De;PA;0;0;0;1;1;1;1;1;1;1;1;1;1;1;2;2;2;2;6;7;8;13;13;13;13;13;13;13;13
De;PB;0;0;0;0;0;0;0;0;0;0;0;0;0;0;0;0;0;0;0;0;0;0;0;0;0;0;0;0;0
De;PC;0;0;0;0;0;0;0;0;0;0;0;0;0;0;0;0;0;0;0;0;0;0;0;0;0;0;0;0;0
De;PD;0;0;0;0;0;0;0;0;0;0;0;0;0;0;0;0;0;0;0;0;0;0;0;0;0;0;0;0;0
De;PE;0;0;0;0;1;1;1;1;1;1;1;1;2;2;2;2;2;2;5;5;6;6;6;6;6;6;6;8;8
De;PF;0;0;0;0;0;0;0;0;0;0;0;0;0;0;0;0;0;0;0;0;0;0;0;0;0;0;0;0;0
De;PG;0;0;0;0;0;0;0;0;0;0;0;0;0;0;0;0;0;0;0;0;0;0;0;0;0;0;0;0;0
De;PH;0;3;3;3;3;6;6;6;6;12;12;12;12;12;12;13;13;13;13;13;13;13;13;13;13;13;13;15;15
De;PI;0;0;0;0;0;4;4;4;4;4;4;4;4;4;4;4;4;4;4;4;4;4;4;4;4;4;4;4;4
De;PJ;0;0;0;0;0;0;0;0;0;0;0;0;0;0;0;0;0;0;0;0;0;0;0;0;0;0;0;0;0
De;PK;0;0;0;0;0;0;0;0;0;0;0;0;0;0;0;0;0;0;0;0;0;0;0;0;0;0;0;0;0
De;PL;0;0;0;0;0;0;0;0;0;0;0;0;0;0;0;0;0;0;0;0;0;0;0;0;0;0;0;0;0
De;PM;0;0;0;0;0;0;0;0;0;0;0;0;0;0;0;0;0;0;0;0;0;0;0;0;0;0;0;0;0
De;PN;0;0;0;0;0;0;0;0;0;0;0;0;0;0;0;0;0;0;0;0;0;0;0;0;0;0;0;0;0
De;PO;0;0;0;0;0;0;0;0;0;0;0;0;5;5;5;5;5;5;5;5;5;5;5;5;5;5;5;5;5
De;PP;0;0;0;0;0;3;3;3;3;3;3;3;3;3;3;4;4;4;5;5;5;5;5;5;5;5;5;7;7
De;PQ;0;0;0;0;0;0;0;0;0;0;0;0;0;0;0;0;0;0;0;0;0;0;0;0;0;0;0;0;0
De;PR;0;0;0;0;0;4;4;4;4;5;5;5;5;5;5;6;6;6;6;6;6;6;6;6;6;6;6;6;6
De;PS;0;0;0;0;0;0;0;0;0;0;0;0;0;0;0;0;0;0;0;0;0;0;0;0;0;0;0;0;0
De;PT;0;0;0;0;0;0;0;0;0;3;3;3;3;3;3;3;3;3;3;3;3;3;3;3;3;3;3;3;3
De;PU;0;0;0;0;0;0;0;0;0;0;0;0;0;0;0;0;0;0;0;0;0;0;0;0;0;0;0;0;0
De;PV;0;0;0;0;0;0;0;0;0;0;0;0;0;0;0;0;0;0;0;0;0;0;0;0;0;0;0;0;0
De;PW;0;0;0;0;0;0;0;0;0;0;0;0;0;0;0;0;0;0;0;0;0;0;0;0;0;0;0;0;0
De;PX;0;0;0;0;0;0;0;0;0;0;0;0;0;0;0;0;0;0;0;0;0;0;0;0;0;0;0;0;0
De;PY;0;0;0;0;0;0;0;0;0;0;0;0;0;0;0;0;0;0;0;0;0;0;0;0;0;0;0;0;0
De;PZ;0;0;0;0;0;0;0;0;0;0;0;0;0;0;0;0;0;0;0;0;0;0;0;0;0;0;0;0;0
De;QA;0;0;0;0;0;0;0;0;0;0;0;0;0;0;0;0;0;0;0;0;0;0;0;0;0;0;0;0;0
De;QB;0;0;0;0;0;0;0;0;0;0;0;0;0;0;0;0;0;0;0;0;0;0;0;0;0;0;0;0;0
De;QC;0;0;0;0;0;0;0;0;0;0;0;0;0;0;0;0;0;0;0;0;0;0;0;0;0;0;0;0;0
De;QD;0;0;0;0;0;0;0;0;0;0;0;0;0;0;0;0;0;0;0;0;0;0;0;0;0;0;0;0;0
De;QE;0;0;0;0;0;0;0;0;0;0;0;0;0;0;0;0;0;0;0;0;0;0;0;0;0;0;0;0;0
De;QF;0;0;0;0;0;0;0;0;0;0;0;0;0;0;0;0;0;0;0;0;0;0;0;0;0;0;0;0;0
De;QG;0;0;0;0;0;0;0;0;0;0;0;0;0;0;0;0;0;0;0;0;0;0;0;0;0;0;0;0;0
De;QH;0;0;0;0;0;0;0;0;0;0;0;0;0;0;0;0;0;0;0;0;0;0;0;0;0;0;0;0;0
De;QI;0;0;0;0;0;0;0;0;0;0;0;0;0;0;0;0;0;0;0;0;0;0;0;0;0;0;0;0;0
De;QJ;0;0;0;0;0;0;0;0;0;0;0;0;0;0;0;0;0;0;0;0;0;0;0;0;0;0;0;0;0
De;QK;0;0;0;0;0;0;0;0;0;0;0;0;0;0;0;0;0;0;0;0;0;0;0;0;0;0;0;0;0
De;QL;0;0;0;0;0;0;0;0;0;0;0;0;0;0;0;0;0;0;0;0;0;0;0;0;0;0;0;0;0
De;QM;0;0;0;0;0;0;0;0;0;0;0;0;0;0;0;0;0;0;0;0;0;0;0;0;0;0;0;0;0
De;QN;0;0;0;0;0;0;0;0;0;0;0;0;0;0;0;0;0;0;0;0;0;0;0;0;0;0;0;0;0
De;QO;0;0;0;0;0;0;0;0;0;0;0;0;0;0;0;0;0;0;0;0;0;0;0;0;0;0;0;0;0
De;QP;0;0;0;0;0;0;0;0;0;0;0;0;0;0;0;0;0;0;0;0;0;0;0;0;0;0;0;0;0
De;QQ;0;0;0;0;0;0;0;0;0;0;0;0;0;0;0;0;0;0;0;0;0;0;0;0;0;0;0;0;0
De;QR;0;0;0;0;0;0;0;0;0;0;0;0;0;0;0;0;0;0;0;0;0;0;0;0;0;0;0;0;0
De;QS;0;0;0;0;0;0;0;0;0;0;0;0;0;0;0;0;0;0;0;0;0;0;0;0;0;0;0;0;0
De;QT;0;0;0;0;0;0;0;0;0;0;0;0;0;0;0;0;0;0;0;0;0;0;0;0;0;0;0;0;0
De;QU;0;0;0;0;0;4;4;4;4;5;5;5;5;5;5;5;5;5;5;5;5;5;5;5;5;5;5;5;5
De;QV;0;0;0;0;0;0;0;0;0;0;0;0;0;0;0;0;0;0;0;0;0;0;0;0;0;0;0;0;0
De;QW;0;0;0;0;0;0;0;0;0;0;0;0;0;0;0;0;0;0;0;0;0;0;0;0;0;0;0;0;0
De;QX;0;0;0;0;0;0;0;0;0;0;0;0;0;0;0;0;0;0;0;0;0;0;0;0;0;0;0;0;0
De;QY;0;0;0;0;0;0;0;0;0;0;0;0;0;0;0;0;0;0;0;0;0;0;0;0;0;0;0;0;0
De;QZ;0;0;0;0;0;0;0;0;0;0;0;0;0;0;0;0;0;0;0;0;0;0;0;0;0;0;0;0;0
De;RA;0;1;1;3;6;6;6;6;7;10;10;10;10;12;21;22;24;24;26;26;26;26;26;26;26;28;29;29;29
De;RB;0;1;1;1;1;4;4;4;4;5;5;5;6;6;6;6;6;6;6;6;6;6;6;6;6;6;6;6;6
De;RC;0;0;0;0;0;6;6;6;6;8;8;8;8;8;8;9;9;9;9;9;9;9;9;9;9;9;9;10;10
De;RD;0;1;1;1;1;1;1;1;1;2;2;2;2;3;3;6;6;6;6;6;8;8;8;8;8;8;8;30;30
De;RE;0;1;1;6;9;10;10;13;13;18;18;18;19;23;35;36;36;36;36;37;38;38;38;38;38;38;38;52;52
De;RF;0;0;0;0;0;0;0;0;0;0;0;0;0;0;0;0;0;0;1;1;1;1;1;1;1;1;1;1;1
De;RG;0;0;0;0;0;6;6;6;6;7;7;7;7;7;7;7;7;7;7;7;7;7;7;7;7;7;7;8;8
De;RH;0;3;3;3;3;3;3;3;3;3;3;3;3;3;3;4;4;4;4;4;4;4;4;4;4;4;4;4;4
De;RI;0;2;4;22;23;43;43;44;44;44;44;46;47;48;52;53;53;53;53;61;64;65;65;65;65;65;65;66;66
De;RJ;0;1;1;1;1;1;1;1;1;1;1;1;1;1;1;1;1;1;1;1;1;1;1;1;1;1;1;1;1
De;RK;0;0;0;0;0;0;0;0;1;1;1;1;1;1;1;1;1;1;1;1;1;2;2;2;2;2;2;3;3
De;RL;0;1;1;1;1;2;2;2;2;4;4;4;4;4;4;5;5;5;5;5;5;5;5;5;5;5;5;5;5
De;RM;0;6;6;6;6;7;7;7;7;9;9;9;9;9;9;9;9;9;9;9;9;9;9;9;9;9;9;9;9
De;RN;0;5;5;5;7;11;11;11;12;13;13;13;13;13;13;14;14;14;14;15;15;15;15;15;15;15;15;15;15
De;RO;0;0;1;1;5;8;8;9;9;10;10;10;13;16;17;17;17;18;18;20;20;20;20;20;20;20;20;26;26
De;RP;0;0;0;0;0;0;0;0;0;0;0;0;0;0;0;0;0;0;0;0;0;0;0;0;0;0;0;0;0
De;RQ;0;0;0;0;0;0;0;0;0;0;0;0;0;0;0;0;0;0;0;0;0;0;0;0;0;0;0;0;0
De;RR;0;1;1;1;1;3;3;3;3;4;4;4;4;4;4;4;4;4;4;4;4;4;4;4;4;4;4;4;4
De;RS;0;0;0;0;0;1;1;1;1;2;2;2;2;3;3;3;3;3;3;3;7;7;7;7;7;7;7;8;8
De;RT;0;0;0;0;0;5;5;5;10;13;13;13;13;15;15;17;17;17;18;18;18;19;19;21;21;21;21;42;42
De;RU;0;0;0;0;1;1;1;1;1;1;1;1;1;1;1;1;1;1;1;2;3;4;4;4;4;4;4;4;4
De;RV;0;2;2;2;2;3;3;3;3;3;3;3;3;3;3;3;3;3;3;3;3;3;3;3;3;3;3;3;3
De;RW;0;0;0;0;0;0;0;0;0;1;1;1;1;1;1;1;1;1;1;1;1;1;1;1;1;1;1;1;1
De;RX;0;0;0;0;0;0;0;0;0;0;0;0;0;0;0;0;0;0;0;0;0;0;0;0;0;0;0;0;0
De;RY;0;0;0;0;0;0;0;0;0;0;0;0;0;0;0;0;0;0;0;0;0;0;0;0;0;0;0;1;1
De;RZ;0;0;0;0;0;0;0;0;0;0;0;0;0;0;0;0;0;0;0;0;0;0;0;0;0;0;0;0;0
De;SA;0;0;0;0;0;0;0;0;0;1;1;1;1;2;2;2;2;2;3;4;5;6;6;6;6;6;6;7;7
De;SB;0;0;0;0;0;2;2;2;2;2;2;2;2;2;2;2;2;2;2;2;2;2;2;2;2;2;2;2;2
De;SC;0;2;2;2;2;2;2;2;4;4;4;4;4;4;4;6;6;6;6;6;6;6;6;6;6;6;6;6;6
De;SD;0;0;0;0;0;0;0;0;0;0;0;0;0;0;0;0;0;0;0;0;0;0;0;0;0;0;0;0;0
De;SE;0;0;3;3;3;4;4;4;4;4;4;4;5;5;6;6;9;9;12;12;12;12;13;13;13;13;13;22;22
De;SF;0;0;0;0;0;0;0;0;0;0;0;0;0;0;0;0;0;0;0;0;0;0;0;0;0;0;0;0;0
De;SG;0;0;0;0;0;0;0;0;0;0;0;0;0;0;0;0;0;0;0;0;0;0;0;0;0;0;0;0;0
De;SH;0;0;0;0;0;0;0;0;0;0;0;0;0;0;0;0;0;0;0;0;0;0;0;0;0;0;0;0;0
De;SI;0;0;0;0;2;7;8;11;11;11;11;11;12;16;16;18;18;18;19;19;19;19;19;19;19;19;19;19;19
De;SJ;0;0;0;0;0;0;0;0;0;0;0;0;0;0;0;0;0;0;0;0;0;0;0;0;0;0;0;0;0
De;SK;0;0;0;0;0;0;0;0;0;0;0;0;0;0;0;0;0;0;0;0;0;0;0;0;0;0;0;0;0
De;SL;0;2;2;2;2;2;2;2;2;2;2;2;2;2;2;2;2;2;2;2;2;2;2;2;2;2;2;2;2
De;SM;0;3;3;3;3;3;3;3;3;3;3;3;3;3;3;3;3;3;3;3;3;4;4;4;4;4;4;5;5
De;SN;0;0;0;0;0;0;0;0;0;0;0;0;0;0;0;0;0;0;0;0;0;0;0;0;0;0;0;0;0
De;SO;0;0;0;0;0;0;0;0;0;0;0;0;0;0;0;0;0;0;0;0;0;1;1;1;1;1;1;2;2
De;SP;0;3;3;3;3;5;5;5;5;5;5;5;5;5;5;5;5;5;5;5;5;5;5;5;5;5;5;5;5
De;SQ;0;0;0;0;0;0;0;0;0;0;0;0;0;0;0;0;0;0;0;0;0;1;1;1;1;1;1;1;1
De;SR;0;0;0;0;0;0;0;0;0;0;0;0;0;0;0;0;0;0;0;0;0;0;0;0;0;0;0;0;0
De;SS;0;2;2;2;2;4;4;4;4;4;4;4;4;4;4;5;5;5;5;5;5;5;5;5;5;5;5;5;5
De;ST;0;5;5;5;5;16;16;16;16;30;30;30;30;30;30;37;37;37;37;37;37;37;37;37;37;37;37;41;41
De;SU;0;0;0;0;0;0;0;0;0;0;0;0;0;0;0;0;0;0;0;1;1;1;1;1;1;1;1;1;1
De;SV;0;1;1;1;1;1;1;1;1;1;1;1;1;1;1;1;1;1;1;1;1;1;1;1;1;1;1;1;1
De;SW;0;1;1;1;1;1;1;1;1;1;1;1;1;1;1;1;1;1;1;1;1;1;1;1;1;1;1;1;1
De;SX;0;0;0;0;0;0;0;0;0;0;0;0;0;0;0;0;0;0;0;0;0;0;0;0;0;0;0;0;0
De;SY;0;0;0;0;0;0;0;0;0;0;0;0;2;2;2;2;2;2;2;2;2;2;2;2;2;2;2;2;2
De;SZ;0;0;0;0;0;0;0;0;0;0;0;0;0;0;0;0;0;0;0;0;0;0;0;0;0;0;0;0;0
De;TA;0;0;0;0;0;0;0;0;0;1;1;1;2;2;8;8;8;9;9;9;9;9;11;11;11;11;11;11;11
De;TB;0;0;0;0;0;0;0;0;0;0;0;0;0;0;0;0;0;0;0;0;0;0;0;0;0;0;0;0;0
De;TC;0;0;0;0;0;0;0;0;0;0;0;0;0;0;0;0;0;0;0;0;0;0;0;0;0;0;0;0;0
De;TD;0;0;0;0;0;0;0;0;0;0;0;0;0;0;0;0;0;0;0;0;0;0;0;0;0;0;0;0;0
De;TE;0;0;0;0;1;1;2;2;2;2;2;2;3;3;10;11;13;13;21;21;21;22;22;22;22;22;22;27;27
De;TF;0;0;0;0;0;0;0;0;0;0;0;0;0;0;0;0;0;0;2;2;2;2;2;2;2;2;2;2;2
De;TG;0;0;0;0;0;2;2;2;2;2;2;2;2;2;2;2;2;2;2;2;2;2;2;2;2;2;2;2;2
De;TH;0;4;4;4;4;18;18;18;18;22;22;22;22;22;22;27;27;27;27;27;27;29;29;29;29;29;29;30;30
De;TI;0;5;6;6;7;10;10;11;11;11;15;15;17;18;28;28;28;28;28;31;31;31;31;31;31;31;31;32;32
De;TJ;0;0;0;0;0;0;0;0;0;0;0;0;0;0;0;0;0;0;0;0;0;0;0;0;0;0;0;0;0
De;TK;0;0;0;0;0;0;0;0;0;0;0;0;0;0;0;0;0;0;0;0;0;0;0;0;0;0;0;0;0
De;TL;0;0;0;0;0;1;1;1;1;2;2;2;2;2;2;2;2;2;2;2;2;2;2;2;2;2;2;2;2
De;TM;0;2;2;2;2;2;2;2;2;2;2;2;2;2;2;2;2;2;2;2;2;3;3;3;3;3;3;3;3
De;TN;0;0;0;0;0;0;0;0;0;0;0;0;0;0;0;0;0;0;0;0;0;0;0;0;0;0;0;0;0
De;TO;0;0;0;0;0;0;0;0;0;2;2;3;5;5;8;8;10;10;15;16;16;17;17;17;17;17;17;28;28
De;TP;0;0;0;0;0;0;0;0;0;0;0;0;0;0;0;1;1;1;1;1;1;1;1;1;1;1;1;1;1
De;TQ;0;0;0;0;0;0;0;0;0;0;0;0;0;0;0;0;0;0;0;0;0;0;0;0;0;0;0;0;0
De;TR;0;2;2;2;2;2;2;2;2;4;4;4;4;4;4;4;4;4;4;4;4;5;5;5;5;5;5;5;5
De;TS;0;0;0;1;1;1;1;1;1;1;1;1;1;1;1;1;1;1;1;1;1;1;1;1;1;1;1;1;1
De;TT;0;0;0;0;0;0;1;1;5;5;5;5;6;6;6;8;8;8;8;9;9;9;9;9;9;9;9;9;9
De;TU;0;0;0;0;0;0;0;0;0;0;0;0;0;0;1;1;1;1;2;2;2;2;2;2;2;2;2;2;2
De;TV;0;0;0;0;0;0;0;0;0;0;0;0;0;0;0;0;0;0;0;0;0;0;0;0;0;0;0;0;0
De;TW;0;0;0;0;0;0;0;0;0;2;2;2;2;2;2;2;2;2;2;2;2;2;2;2;2;2;2;2;2
De;TX;0;0;0;0;0;0;0;0;0;0;0;0;0;0;0;0;0;0;0;0;0;0;0;0;0;0;0;0;0
De;TY;0;0;0;0;0;0;0;0;0;0;0;0;0;1;1;1;1;1;1;1;1;1;1;1;1;1;1;1;1
De;TZ;0;0;0;0;0;1;1;1;1;1;1;1;1;1;1;1;1;1;1;1;1;1;1;1;1;1;1;6;6
De;UA;0;0;0;0;0;0;0;0;0;0;0;0;0;0;0;0;0;0;3;3;3;3;3;3;3;3;3;4;4
De;UB;0;0;0;0;0;1;1;1;1;1;1;1;1;1;1;1;1;1;2;2;2;2;2;2;2;2;2;2;2
De;UC;0;0;0;0;0;0;0;0;0;1;1;1;1;1;1;1;1;1;1;1;1;1;1;1;1;1;1;2;2
De;UD;0;0;0;0;0;1;1;2;2;4;4;4;4;4;4;6;6;6;6;6;6;6;6;7;7;8;8;10;10
De;UE;0;0;0;0;0;0;0;0;0;0;0;0;4;4;4;4;4;4;5;7;7;7;7;7;7;7;7;10;10
De;UF;0;0;0;0;0;0;0;0;0;0;0;0;0;0;0;0;0;0;0;0;0;0;0;0;0;0;0;0;0
De;UG;0;0;0;0;0;1;1;1;1;1;1;1;1;1;1;1;1;1;1;1;1;6;6;6;6;6;6;6;6
De;UH;0;0;0;0;0;0;0;0;0;0;0;0;0;0;0;0;0;0;0;0;0;0;0;0;0;0;0;0;0
De;UI;0;0;0;0;0;0;0;0;0;0;0;0;1;1;1;3;3;3;3;7;9;9;9;9;9;9;9;9;9
De;UJ;0;0;0;0;0;0;0;0;0;0;0;0;0;0;0;0;0;0;0;0;0;0;0;0;0;0;0;0;0
De;UK;0;2;2;2;2;2;2;2;2;2;2;2;2;2;2;2;2;2;2;2;2;2;2;2;2;2;2;4;4
De;UL;0;0;0;0;0;2;3;3;3;7;7;7;7;7;7;7;7;7;7;7;7;7;7;7;7;8;8;11;11
De;UM;0;0;0;0;0;1;1;1;1;2;2;2;2;2;2;2;2;2;2;2;2;2;2;2;2;2;2;2;2
De;UN;0;0;0;0;7;8;8;8;8;12;12;12;12;12;12;13;13;13;13;13;18;18;18;18;18;18;18;18;18
De;UO;0;0;0;0;0;0;0;0;0;0;0;0;0;0;0;0;0;0;0;0;0;0;0;0;0;0;0;0;0
De;UP;0;0;0;0;0;0;0;0;0;0;0;0;0;0;0;0;2;2;2;2;2;2;2;2;2;2;2;2;2
De;UQ;0;0;0;0;0;0;0;0;0;0;0;0;0;0;0;0;0;0;0;0;0;0;0;0;0;0;0;0;0
De;UR;0;0;1;2;2;4;4;5;5;8;8;9;9;9;10;10;10;10;10;12;13;13;13;13;13;13;13;16;16
De;US;0;0;0;0;0;1;1;1;1;1;1;1;1;1;1;1;1;1;1;3;11;11;11;11;11;11;11;25;25
De;UT;0;0;0;0;0;2;2;3;4;5;5;5;5;5;5;5;5;5;5;5;5;5;5;5;5;5;7;9;9
De;UU;0;0;0;0;1;1;1;1;1;1;1;2;2;2;2;2;2;2;2;2;2;2;2;2;2;2;2;2;2
De;UV;0;0;0;0;0;1;1;1;1;1;1;1;1;1;1;1;1;1;1;1;1;1;1;1;1;1;1;1;1
De;UW;0;0;0;0;0;1;1;1;1;1;1;1;1;1;1;1;1;1;1;1;1;1;1;1;1;1;1;1;1
De;UX;0;0;0;0;0;0;0;0;0;0;0;0;0;0;0;0;0;0;0;0;0;0;0;0;0;0;0;0;0
De;UY;0;0;0;0;0;0;0;0;0;0;0;0;0;0;0;0;0;0;0;0;0;0;0;0;0;0;0;1;1
De;UZ;0;0;0;0;0;0;0;0;0;0;0;0;0;0;0;0;0;0;0;0;0;0;0;0;0;0;0;0;0
De;VA;0;0;0;0;0;0;0;0;0;2;2;2;4;4;4;4;4;4;6;8;8;8;8;8;8;8;8;8;8
De;VB;0;0;0;0;0;0;0;0;0;0;0;0;0;0;0;0;0;0;0;0;0;0;0;0;0;0;0;0;0
De;VC;0;0;0;0;0;0;0;0;0;0;0;0;0;0;0;0;0;0;0;0;0;0;0;0;0;0;0;0;0
De;VD;0;0;0;0;0;0;0;0;0;0;0;0;0;0;0;0;0;0;0;0;0;0;0;0;0;0;0;0;0
De;VE;0;0;0;0;0;0;0;0;0;0;0;0;0;0;0;0;0;0;3;5;5;6;6;6;6;6;6;9;9
De;VF;0;0;0;0;0;0;0;0;0;0;0;0;0;0;0;0;0;0;0;0;0;0;0;0;0;0;0;0;0
De;VG;0;0;0;0;0;0;0;0;0;0;0;0;0;0;0;0;0;0;0;0;0;0;0;0;0;0;0;0;0
De;VH;0;0;0;0;0;0;0;0;0;0;0;0;0;0;0;0;0;0;0;0;0;0;0;0;0;0;0;0;0
De;VI;0;1;1;6;7;10;10;10;10;10;10;10;10;10;12;12;12;12;12;13;14;14;14;14;14;14;14;14;14
De;VJ;0;0;0;0;0;0;0;0;0;0;0;0;0;0;0;0;0;0;0;0;0;0;0;0;0;0;0;0;0
De;VK;0;0;0;0;0;0;0;0;0;0;0;0;0;0;0;0;0;0;0;0;0;0;0;0;0;0;0;0;0
De;VL;0;0;0;0;0;0;0;0;0;0;0;0;0;0;0;0;0;0;0;0;0;0;0;0;0;0;0;0;0
De;VM;0;0;0;0;0;0;0;0;0;0;0;0;0;0;0;0;0;0;0;0;0;0;0;0;0;0;0;0;0
De;VN;0;0;0;0;0;0;0;0;0;0;0;0;0;0;0;0;0;0;0;0;0;0;0;0;0;0;0;0;0
De;VO;0;0;0;0;1;1;1;1;1;1;1;1;2;2;3;3;3;3;3;3;3;3;3;3;3;3;3;5;5
De;VP;0;0;0;0;0;0;0;0;0;0;0;0;0;0;0;0;0;0;0;0;0;0;0;0;0;0;0;0;0
De;VQ;0;0;0;0;0;0;0;0;0;0;0;0;0;0;0;0;0;0;0;0;0;0;0;0;0;0;0;0;0
De;VR;0;0;0;0;0;0;0;0;0;0;0;0;0;0;0;0;0;0;0;0;0;0;0;0;0;0;0;0;0
De;VS;0;0;0;0;0;0;0;0;0;0;0;0;0;0;0;0;0;0;0;0;0;0;0;0;0;0;0;0;0
De;VT;0;0;0;0;0;0;0;0;0;0;0;0;0;0;0;0;0;0;0;0;0;0;0;0;0;0;0;0;0
De;VU;0;0;0;0;0;0;0;0;0;0;0;0;0;0;0;0;0;0;0;0;0;0;0;0;0;0;0;0;0
De;VV;0;0;0;0;0;0;0;0;0;0;0;0;0;0;0;0;0;0;0;0;0;0;0;0;0;0;0;0;0
De;VW;0;0;0;0;0;0;0;0;0;0;0;0;0;0;0;0;0;0;0;0;0;0;0;0;0;0;0;0;0
De;VX;0;0;0;0;0;0;0;0;0;0;0;0;0;0;0;0;0;0;0;0;0;0;0;0;0;0;0;0;0
De;VY;0;0;0;0;0;0;0;0;0;0;0;0;0;0;0;0;0;0;0;0;0;0;0;0;0;0;0;0;0
De;VZ;0;0;0;0;0;0;0;0;0;0;0;0;0;0;0;0;0;0;0;0;0;0;0;0;0;0;0;0;0
De;WA;0;0;0;0;0;0;0;0;0;0;0;0;3;3;3;3;3;3;3;3;3;3;3;3;3;3;3;3;3
De;WB;0;0;0;0;0;0;0;0;0;0;0;0;0;0;0;0;0;0;0;0;0;0;0;0;0;0;0;0;0
De;WC;0;0;0;0;0;0;0;0;0;0;0;0;0;0;0;0;0;0;0;0;0;0;0;0;0;0;0;0;0
De;WD;0;0;0;0;0;0;0;0;0;0;0;0;0;0;0;0;0;0;0;0;0;0;0;0;0;0;0;0;0
De;WE;0;0;0;0;0;0;0;0;0;0;0;0;0;0;3;3;3;3;4;4;4;4;4;4;4;4;4;5;5
De;WF;0;0;0;0;0;0;0;0;0;0;0;0;0;0;0;0;0;0;0;0;0;0;0;0;0;0;0;0;0
De;WG;0;0;0;0;0;0;0;0;0;0;0;0;0;0;0;0;0;0;0;0;0;0;0;0;0;0;0;0;0
De;WH;0;0;0;0;0;0;0;0;0;0;0;0;0;0;0;0;0;0;0;0;0;0;0;0;0;0;0;0;0
De;WI;0;0;0;0;0;1;1;3;3;3;4;4;8;9;12;12;12;12;12;12;13;13;13;13;13;13;13;13;13
De;WJ;0;0;0;0;0;0;0;0;0;0;0;0;0;0;0;0;0;0;0;0;0;0;0;0;0;0;0;0;0
De;WK;0;0;0;0;0;0;0;0;0;0;0;0;0;0;0;0;0;0;0;0;0;0;0;0;0;0;0;0;0
De;WL;0;0;0;0;0;0;0;0;0;0;0;0;0;0;0;0;0;0;0;0;0;0;0;0;0;0;0;0;0
De;WM;0;0;0;0;0;0;0;0;0;0;0;0;0;0;0;0;0;0;0;0;0;0;0;0;0;0;0;0;0
De;WN;0;0;0;0;0;0;0;0;0;0;0;0;0;0;0;0;0;0;0;0;0;0;0;0;0;0;0;0;0
De;WO;0;0;0;0;0;0;0;0;0;0;0;0;2;2;2;2;2;2;2;2;2;3;3;3;3;3;3;3;3
De;WP;0;0;0;0;0;0;0;0;0;0;0;0;0;0;0;0;0;0;0;0;0;0;0;0;0;0;0;0;0
De;WQ;0;0;0;0;0;0;0;0;0;0;0;0;0;0;0;0;0;0;0;0;0;0;0;0;0;0;0;0;0
De;WR;0;0;0;0;0;0;0;0;0;0;0;0;0;0;0;0;0;0;0;0;0;0;0;0;0;0;0;0;0
De;WS;0;0;0;0;0;0;0;0;0;0;0;0;0;0;0;0;0;0;0;0;0;0;0;0;0;0;0;0;0
De;WT;0;0;0;0;0;0;0;0;0;0;0;0;0;0;0;0;0;0;0;0;0;0;0;0;0;0;0;0;0
De;WU;0;0;0;0;0;0;0;0;0;0;0;0;0;0;0;0;0;0;0;0;0;0;0;0;0;0;0;0;0
De;WV;0;0;0;0;0;0;0;0;0;0;0;0;0;0;0;0;0;0;0;0;0;0;0;0;0;0;0;0;0
De;WW;0;0;0;0;0;0;0;0;0;0;0;0;0;0;0;0;0;0;0;0;0;0;0;0;0;0;0;0;0
De;WX;0;0;0;0;0;0;0;0;0;0;0;0;0;0;0;0;0;0;0;0;0;0;0;0;0;0;0;0;0
De;WY;0;0;0;0;0;0;0;0;0;0;0;0;0;0;0;0;0;0;0;0;0;0;0;0;0;0;0;0;0
De;WZ;0;0;0;0;0;0;0;0;0;0;0;0;0;0;0;0;0;0;0;0;0;0;0;0;0;0;0;0;0
De;XA;0;0;0;0;0;0;0;0;0;0;0;0;0;0;2;2;2;2;2;2;2;2;4;4;4;4;4;4;4
De;XB;0;0;0;0;0;0;0;0;0;0;0;0;0;0;0;0;0;0;0;0;0;0;0;0;0;0;0;0;0
De;XC;0;0;0;0;0;0;0;0;0;0;0;0;0;0;0;0;0;0;0;0;0;0;0;0;0;0;0;0;0
De;XD;0;0;0;0;0;0;0;0;0;0;0;0;0;0;0;0;0;0;0;0;0;0;0;0;0;0;0;0;0
De;XE;0;0;0;0;0;0;0;0;0;0;0;0;1;1;1;1;1;1;1;1;1;1;1;1;1;1;1;1;1
De;XF;0;0;0;0;0;0;0;0;0;0;0;0;0;0;0;0;0;0;0;0;0;0;0;0;0;0;0;0;0
De;XG;0;0;0;0;0;0;0;0;0;0;0;0;0;0;0;0;0;0;0;0;0;0;0;0;0;0;0;0;0
De;XH;0;0;0;0;0;0;0;0;0;0;0;0;0;0;0;0;0;0;0;0;0;0;0;0;0;0;0;0;0
De;XI;0;0;0;0;0;0;0;0;0;0;0;0;0;4;4;4;4;4;4;5;5;5;5;5;5;5;5;5;5
De;XJ;0;0;0;0;0;0;0;0;0;0;0;0;0;0;0;0;0;0;0;0;0;0;0;0;0;0;0;0;0
De;XK;0;0;0;0;0;0;0;0;0;0;0;0;0;0;0;0;0;0;0;0;0;0;0;0;0;0;0;0;0
De;XL;0;0;0;0;0;0;0;0;0;0;0;0;0;0;0;0;0;0;0;0;0;0;0;0;0;0;0;0;0
De;XM;0;0;0;0;0;0;0;0;0;0;0;0;0;0;0;0;0;0;0;0;0;0;0;0;0;0;0;0;0
De;XN;0;0;0;0;0;0;0;0;0;0;0;0;0;0;0;0;0;0;0;0;0;0;0;0;0;0;0;0;0
De;XO;0;0;0;0;0;0;0;0;0;0;0;0;0;0;0;0;0;0;0;0;0;0;0;0;0;0;0;0;0
De;XP;0;0;0;0;0;0;0;0;0;0;0;0;0;0;0;0;0;0;0;0;0;0;0;0;0;0;0;0;0
De;XQ;0;0;0;0;0;0;0;0;0;0;0;0;0;0;0;0;0;0;0;0;0;0;0;0;0;0;0;0;0
De;XR;0;0;0;0;0;0;0;0;0;0;0;0;0;0;0;0;0;0;0;0;0;0;0;0;0;0;0;0;0
De;XS;0;0;0;0;0;0;0;0;0;0;0;0;0;0;0;0;0;0;0;0;0;0;0;0;0;0;0;0;0
De;XT;0;0;0;0;0;0;0;0;0;0;0;0;0;0;0;0;0;0;0;0;0;0;0;0;0;0;0;0;0
De;XU;0;0;0;0;0;0;0;0;0;0;0;0;0;0;0;0;0;0;0;0;0;0;0;0;0;0;0;0;0
De;XV;0;0;0;0;0;0;0;0;0;0;0;0;0;0;0;0;0;0;0;0;0;0;0;0;0;0;0;0;0
De;XW;0;0;0;0;0;0;0;0;0;0;0;0;0;0;0;0;0;0;0;0;0;0;0;0;0;0;0;0;0
De;XX;0;0;0;0;0;0;0;0;0;0;0;0;0;0;0;0;0;0;0;0;0;0;0;0;0;0;0;0;0
De;XY;0;0;0;0;0;0;0;0;0;0;0;0;0;0;0;0;0;0;0;0;0;0;0;0;0;0;0;0;0
De;XZ;0;0;0;0;0;0;0;0;0;0;0;0;0;0;0;0;0;0;0;0;0;0;0;0;0;0;0;0;0
De;YA;0;0;0;1;1;1;1;1;1;1;1;1;1;1;1;1;1;1;1;1;1;1;1;1;1;1;1;1;1
De;YB;0;0;0;0;0;0;0;0;0;0;0;0;0;0;0;0;0;0;0;0;0;0;0;0;0;0;0;0;0
De;YC;0;0;0;0;0;0;0;0;0;0;0;0;0;0;0;0;0;0;0;0;0;0;0;0;0;0;0;0;0
De;YD;0;0;0;0;0;0;0;0;0;0;0;0;0;0;0;0;0;0;0;0;0;0;0;0;0;0;0;0;0
De;YE;0;0;0;0;1;1;1;1;1;1;1;1;1;1;1;1;1;1;1;1;2;2;2;2;2;2;2;2;2
De;YF;0;0;0;0;0;0;0;0;0;0;0;0;0;0;0;0;0;0;0;0;0;0;0;0;0;0;0;0;0
De;YG;0;0;0;0;0;0;0;0;0;0;0;0;0;0;0;0;0;0;0;0;0;0;0;0;0;0;0;0;0
De;YH;0;0;0;0;0;0;0;0;0;0;0;0;0;0;0;0;0;0;0;0;0;0;0;0;0;0;0;0;0
De;YI;0;0;0;0;0;0;0;0;0;0;0;0;0;0;0;0;0;0;0;0;0;0;0;0;0;0;0;0;0
De;YJ;0;0;0;0;0;0;0;0;0;0;0;0;0;0;0;0;0;0;0;0;0;0;0;0;0;0;0;0;0
De;YK;0;0;0;0;0;0;0;0;0;0;0;0;0;0;0;0;0;0;0;0;0;0;0;0;0;0;0;0;0
De;YL;0;0;0;0;0;0;0;0;0;0;0;0;0;0;0;1;1;1;1;1;1;1;3;3;3;3;3;3;3
De;YM;0;0;0;0;0;2;2;2;2;2;2;2;2;2;2;3;3;3;3;3;3;5;5;5;5;5;5;5;5
De;YN;0;0;0;0;0;0;0;0;0;0;0;0;0;0;0;0;0;0;0;0;0;0;0;0;0;0;0;0;0
De;YO;0;0;0;0;0;0;0;0;0;0;0;0;0;0;0;0;0;0;0;0;0;0;0;0;0;0;0;0;0
De;YP;0;0;0;0;0;0;0;0;0;0;0;0;0;0;0;0;0;0;1;1;1;1;1;1;1;1;1;1;1
De;YQ;0;0;0;0;0;0;0;0;0;0;0;0;0;0;0;0;0;0;0;0;0;0;0;0;0;0;0;0;0
De;YR;0;0;0;0;0;0;0;0;0;1;1;1;1;1;1;1;1;1;1;1;1;1;1;1;1;1;1;1;1
De;YS;0;0;0;0;0;1;1;1;1;1;1;1;1;1;1;1;1;1;1;2;2;2;2;2;2;2;2;2;2
De;YT;0;0;0;0;0;1;1;1;1;1;1;1;1;1;1;1;1;1;1;1;1;1;1;1;1;1;1;1;1
De;YU;0;0;0;0;0;0;0;0;0;0;0;0;0;0;0;0;0;0;0;0;0;0;0;0;0;0;0;0;0
De;YV;0;0;0;0;0;1;1;1;1;1;1;1;1;1;1;3;3;3;3;3;3;3;3;3;3;3;3;3;3
De;YW;0;0;0;0;0;0;0;0;0;0;0;0;0;0;0;0;0;0;0;0;0;0;0;0;0;0;0;0;0
De;YX;0;0;0;0;0;0;0;0;0;0;0;0;0;0;0;0;0;0;0;0;0;0;0;0;0;0;0;0;0
De;YY;0;0;0;0;0;0;0;0;0;0;0;0;0;0;0;0;0;0;0;0;0;0;0;0;0;0;0;0;0
De;YZ;0;0;0;0;0;0;0;0;0;0;0;0;0;0;0;0;0;0;0;0;0;0;0;0;0;0;0;0;0
De;ZA;0;1;1;1;1;1;1;1;1;1;1;1;1;1;1;1;1;1;2;2;2;2;2;2;2;2;2;2;2
De;ZB;0;0;0;0;0;0;0;0;0;0;0;0;0;0;0;0;0;0;0;0;0;0;0;0;0;0;0;0;0
De;ZC;0;0;0;0;0;0;0;0;0;0;0;0;0;0;0;0;0;0;0;0;0;0;0;0;0;0;0;0;0
De;ZD;0;0;0;0;0;0;0;0;0;0;0;0;0;0;0;0;0;0;0;0;0;0;0;0;0;0;0;0;0
De;ZE;0;0;0;0;0;0;0;0;0;0;0;0;2;2;3;3;3;3;3;5;5;5;5;5;5;5;5;5;5
De;ZF;0;0;0;0;0;0;0;0;0;0;0;0;0;0;0;0;0;0;0;0;0;0;0;0;0;0;0;0;0
De;ZG;0;0;0;0;0;0;0;0;0;0;0;0;0;0;0;0;0;0;0;0;0;0;0;0;0;0;0;0;0
De;ZH;0;0;0;0;0;0;0;0;0;0;0;0;0;0;0;0;0;0;0;0;0;0;0;0;0;0;0;0;0
De;ZI;0;0;0;0;0;0;0;0;0;0;0;0;0;0;0;0;0;0;0;0;0;0;0;0;0;0;0;0;0
De;ZJ;0;0;0;0;0;0;0;0;0;0;0;0;0;0;0;0;0;0;0;0;0;0;0;0;0;0;0;0;0
De;ZK;0;0;0;0;0;0;0;0;0;0;0;0;0;0;0;0;0;0;0;0;0;0;0;0;0;0;0;0;0
De;ZL;0;0;0;0;0;0;0;0;0;0;0;0;0;0;0;0;0;0;0;0;0;0;0;0;0;0;0;0;0
De;ZM;0;0;0;0;0;0;0;0;0;0;0;0;0;0;0;0;0;0;0;0;0;0;0;0;0;0;0;0;0
De;ZN;0;0;0;0;0;0;0;0;0;0;0;0;0;0;0;0;0;0;0;0;0;0;0;0;0;0;0;0;0
De;ZO;0;0;0;0;0;0;0;0;0;0;0;0;0;0;0;0;0;0;0;0;0;0;0;0;0;0;0;1;1
De;ZP;0;0;0;0;0;0;0;0;0;0;0;0;0;0;0;0;0;0;0;0;0;0;0;0;0;0;0;0;0
De;ZQ;0;0;0;0;0;0;0;0;0;0;0;0;0;0;0;0;0;0;0;0;0;0;0;0;0;0;0;0;0
De;ZR;0;0;0;0;0;0;0;0;0;0;0;0;0;0;0;0;0;0;0;0;0;0;0;0;0;0;0;0;0
De;ZS;0;0;0;0;0;0;0;0;0;0;0;0;0;0;0;0;0;0;0;0;0;0;0;0;0;0;0;0;0
De;ZT;0;0;0;0;0;0;0;0;0;0;0;0;0;0;0;0;0;0;0;0;0;0;0;0;0;0;0;0;0
De;ZU;0;1;1;1;1;1;1;1;1;1;1;1;1;1;1;1;1;1;1;1;1;1;1;1;1;1;1;1;1
De;ZV;0;0;0;0;0;0;0;0;0;0;0;0;0;0;0;0;0;0;0;0;0;0;0;0;0;0;0;0;0
De;ZW;0;0;0;0;0;0;0;0;0;0;0;0;0;0;0;0;0;0;0;0;0;0;0;0;0;0;0;0;0
De;ZX;0;0;0;0;0;0;0;0;0;0;0;0;0;0;0;0;0;0;0;0;0;0;0;0;0;0;0;0;0
De;ZY;0;0;0;0;0;0;0;0;0;0;0;0;0;0;0;0;0;0;0;0;0;0;0;0;0;0;0;0;0
De;ZZ;0;0;0;0;0;0;0;0;0;0;0;0;0;0;0;0;0;0;0;0;0;0;0;0;0;0;0;0;0
